REGISTRY_ID,PGM_SYS_ACRNM,PGM_SYS_ID,FACILITY_NAME,EPA_REGION_CODE,ACTIVITY_ID,ACTIVITY_TYPE_CODE,ACTIVITY_TYPE_DESC,COMP_MONITOR_UID,COMP_MONITOR_TYPES,STATUTE_CODE,LAW_SECTION_CODE,ACTUAL_BEGIN_DATE,ACTUAL_END_DATE,AGENCY,COMP_MONITOR_AGENCY_TYPES,FAC_NAME,FAC_STREET,FAC_CITY,FAC_STATE,FAC_ZIP,FAC_COUNTY,FAC_EPA_REGION,FAC_LAT,FAC_LONG,FAC_DERIVED_WBD,FAC_DERIVED_CD113,FAC_PERCENT_MINORITY,FAC_POP_DEN,DFR_URL
110000311957,RCRAINFO,MAD128422870,METALOR REFINING,1,153099,INS,Inspection/Evaluation,01000F39503,Evaluation,RCRA,3002,07/28/2005,07/28/2005,EPA,U.S. EPA,METALOR REFINING,255 JOHN L DIETSCH BOULEVARD,NORTH ATTLEBORO,MA,2761,BRISTOL,1,41.98305,-71.30004,10900040401,4,10.687000000000001,1636.3,http://echo.epa.gov/detailed-facility-report?fid=110000311957
110000311779,ICIS,600044265,SOMERSET POWER GENERATING STATION,1,600087882,INS,Inspection/Evaluation,01000F389429,Evaluation,CWA,311,12/21/2007,12/21/2007,EPA,U.S. EPA,SOMERSET POWER GENERATING STATION,1606 RIVERSIDE AVENUE,SOMERSET,MA,2726,BRISTOL,1,41.7378,-71.1453,10900040804,4,11.815,2621.5,http://echo.epa.gov/detailed-facility-report?fid=110000311779
110000311957,ICIS,7733036,"METALOR TECHNOLOGIES USA, REFINING DIVISION",1,163046,INS,Inspection/Evaluation,01000F49884,Evaluation,CAA,112[R][7],12/13/2004,12/13/2004,EPA,U.S. EPA,METALOR REFINING,255 JOHN L DIETSCH BOULEVARD,NORTH ATTLEBORO,MA,2761,BRISTOL,1,41.98305,-71.30004,10900040401,4,10.687000000000001,1636.3,http://echo.epa.gov/detailed-facility-report?fid=110000311957
110000311957,ICIS,7733036,"METALOR TECHNOLOGIES USA, REFINING DIVISION",1,1800015465,INS,Inspection/Evaluation,01000F667008,Evaluation,CAA,112[R][7],05/07/2009,05/07/2009,EPA,U.S. EPA,METALOR REFINING,255 JOHN L DIETSCH BOULEVARD,NORTH ATTLEBORO,MA,2761,BRISTOL,1,41.98305,-71.30004,10900040401,4,10.687000000000001,1636.3,http://echo.epa.gov/detailed-facility-report?fid=110000311957
110000311779,ICIS,600044264,SOMERSET POWER GENERATING STATION,1,3400087382,INS,Inspection/Evaluation,01000F1213579,Evaluation,CWA,311,03/22/2013,03/22/2013,EPA,U.S. EPA,SOMERSET POWER GENERATING STATION,1606 RIVERSIDE AVENUE,SOMERSET,MA,2726,BRISTOL,1,41.7378,-71.1453,10900040804,4,11.815,2621.5,http://echo.epa.gov/detailed-facility-report?fid=110000311779
110000311779,ICIS,600044264,SOMERSET POWER GENERATING STATION,1,600087881,INS,Inspection/Evaluation,01000F383153,Evaluation,CWA,311,12/21/2007,12/21/2007,EPA,U.S. EPA,SOMERSET POWER GENERATING STATION,1606 RIVERSIDE AVENUE,SOMERSET,MA,2726,BRISTOL,1,41.7378,-71.1453,10900040804,4,11.815,2621.5,http://echo.epa.gov/detailed-facility-report?fid=110000311779
110000311957,ICIS,1800005916,METALOR TECHNOLOGIES USA,1,1800015821,INS,Inspection/Evaluation,01000F668757,Evaluation,CERCLA,103A,05/07/2009,05/07/2009,EPA,U.S. EPA,METALOR REFINING,255 JOHN L DIETSCH BOULEVARD,NORTH ATTLEBORO,MA,2761,BRISTOL,1,41.98305,-71.30004,10900040401,4,10.687000000000001,1636.3,http://echo.epa.gov/detailed-facility-report?fid=110000311957
110031236446,ICIS,600025579,WASTE MANAGMENT,1,600055649,INS,Inspection/Evaluation,01000F372496,Evaluation,CAA,110,06/19/2007,06/19/2007,EPA,U.S. EPA,"WASTE MANAGEMENT OF MA, INC",205 O'NEIL BLVD,ATTLEBORO,MA,2703,BRISTOL,1,41.938536,-71.276119,10900040401,4,15.280999999999999,1407.97,http://echo.epa.gov/detailed-facility-report?fid=110031236446
110010401902,ICIS,600032628,CHARLES TAYLOR ELEMENTARY SCHOOL,1,600061115,INS,Inspection/Evaluation,01000F343323,AHERA,TSCA,203,07/19/2007,07/19/2007,EPA,State,CHARLES TAYLOR ELEMENTARY SCHOOL,196 SOUTH STREET,FOXBOROUGH,MA,2035,NORFOLK,1,42.04937,-71.25518000000001,10900040301,4,9.613999999999999,972.03,http://echo.epa.gov/detailed-facility-report?fid=110010401902
110010401902,ICIS,600032628,CHARLES TAYLOR ELEMENTARY SCHOOL,1,1000010374,INS,Inspection/Evaluation,01000F508061,AHERA,TSCA,203,07/09/2008,07/09/2008,EPA,State,CHARLES TAYLOR ELEMENTARY SCHOOL,196 SOUTH STREET,FOXBOROUGH,MA,2035,NORFOLK,1,42.04937,-71.25518000000001,10900040301,4,9.613999999999999,972.03,http://echo.epa.gov/detailed-facility-report?fid=110010401902
110040064168,ICIS,1800010100,JUNGBUNZLAUER INC.,1,1800025702,INS,Inspection/Evaluation,HQ000F681177,Premanufacture Notice; Studies; Export; Inventory Rule; Import,TSCA,12,09/17/2009,09/17/2009,EPA,U.S. EPA,"JUNGBUNZLAUER, INC.",7 WELLS AVENUE,NEWTON CENTRE,MA,2459,MIDDLESEX,1,42.29432,-71.20153,10900010703,4,18.285999999999998,3442.63,http://echo.epa.gov/detailed-facility-report?fid=110040064168
110001973801,ICIS,7378596,MILFORD HIGH  SCHOOL,1,145597,INS,Inspection/Evaluation,01000F38976,Evaluation,TSCA,203,02/24/2005,02/24/2005,EPA,U.S. EPA,MILFORD HIGH SCHOOL,31 WEST FOUNTAIN ST,MILFORD,MA,1757,WORCESTER,1,42.15035,-71.53631999999999,10900010601,4,15.015999999999998,1285.03,http://echo.epa.gov/detailed-facility-report?fid=110001973801
110001973801,ICIS,7378596,MILFORD HIGH  SCHOOL,1,3400143701,INS,Inspection/Evaluation,01000F1215044,AHERA,TSCA,203,08/08/2013,08/08/2013,EPA,U.S. EPA,MILFORD HIGH SCHOOL,31 WEST FOUNTAIN ST,MILFORD,MA,1757,WORCESTER,1,42.15035,-71.53631999999999,10900010601,4,15.015999999999998,1285.03,http://echo.epa.gov/detailed-facility-report?fid=110001973801
110033189467,ICIS,600039030,WASTE MANAGEMENT INC,1,600077817,INS,Inspection/Evaluation,01000F347984,Evaluation,CAA,110,12/11/2007,12/11/2007,EPA,U.S. EPA,"WASTE MANAGEMENT, INC",15 4TH AVENUE,NEEDHAM,MA,2494,NORFOLK,1,42.30191,-71.21234,10900010703,4,18.225,3408.6,http://echo.epa.gov/detailed-facility-report?fid=110033189467
110000311948,ICIS,3400026390,JEWELED CROSS COMPANY INC,1,3400103190,INS,Inspection/Evaluation,01000F1241720,Evaluation,EPCRA,313,04/17/2013,04/17/2013,EPA,U.S. EPA,JEWELED CROSS,117 S. WASHINGTON ST.,NORTH ATTLEBORO,MA,2760,BRISTOL,1,41.97813,-71.33426,10900040401,4,9.029,1363.25,http://echo.epa.gov/detailed-facility-report?fid=110000311948
110006618856,ICIS,1000002604,MANSFIELD WATER POLLUTION CONTROL FACILITY,1,1000005540,INS,Inspection/Evaluation,01000F493660,Evaluation,CWA,311,06/05/2008,06/05/2008,EPA,U.S. EPA,MANSFIELD WATER POLLUTION CONTROL FACILITY,80 HILL STREET (AT CRANE ST),NORTON,MA,2766,BRISTOL,1,41.951935,-71.145916,10900040302,4,8.107999999999999,688.63,http://echo.epa.gov/detailed-facility-report?fid=110006618856
110000552651,ICIS,1000003443,ATTLEBORO WATER POLLUTION CONTROL FACILITY,1,1000007261,INS,Inspection/Evaluation,01000F495793,Evaluation,CWA,311,06/19/2008,06/19/2008,EPA,U.S. EPA,ATTLEBORO WASTEWATER TREATMENT FACILITY,106 POND STREET N,ATTLEBORO,MA,2703,BRISTOL,1,41.898891,-71.337683,10900040401,4,31.228,2984.84,http://echo.epa.gov/detailed-facility-report?fid=110000552651
110000552651,ICIS,1000003443,ATTLEBORO WATER POLLUTION CONTROL FACILITY,1,3601176879,INS,Inspection/Evaluation,01000F1405578,Evaluation,CWA,311,08/22/2017,08/22/2017,EPA,U.S. EPA,ATTLEBORO WASTEWATER TREATMENT FACILITY,106 POND STREET N,ATTLEBORO,MA,2703,BRISTOL,1,41.898891,-71.337683,10900040401,4,31.228,2984.84,http://echo.epa.gov/detailed-facility-report?fid=110000552651
110000552651,ICIS,39953,ATTLEBORO WWTP,1,91344,INS,Inspection/Evaluation,01000F8117,Sampling,CWA,308[A][B],08/19/2002,08/19/2002,EPA,U.S. EPA,ATTLEBORO WASTEWATER TREATMENT FACILITY,106 POND STREET N,ATTLEBORO,MA,2703,BRISTOL,1,41.898891,-71.337683,10900040401,4,31.228,2984.84,http://echo.epa.gov/detailed-facility-report?fid=110000552651
110022329005,ICIS,3400015932,SOMERSET WATER POLLUTION CONTROL FACILITY,1,3400057646,INS,Inspection/Evaluation,01000F1199581,Evaluation,EPCRA,302,02/14/2013,02/14/2013,EPA,U.S. EPA,SOMERSET WATER POLLUTION CONTROL FACILITY,116 WALKER STREET,SOMERSET,MA,2725,BRISTOL,1,41.7175,-71.16888900000001,10900040804,4,14.763,4558.88,http://echo.epa.gov/detailed-facility-report?fid=110022329005
110022329005,ICIS,1000001609,SOMERSET WATER POLLUTION CONTROL,1,1000002959,INS,Inspection/Evaluation,01000F492677,Evaluation,CWA,311,05/20/2008,05/20/2008,EPA,U.S. EPA,SOMERSET WATER POLLUTION CONTROL FACILITY,116 WALKER STREET,SOMERSET,MA,2725,BRISTOL,1,41.7175,-71.16888900000001,10900040804,4,14.763,4558.88,http://echo.epa.gov/detailed-facility-report?fid=110022329005
110022329005,ICIS,7379015,SOMERSET WATER POLLUTION CONTROL,1,146658,INS,Inspection/Evaluation,01000F39864,Evaluation,CAA,112[R][7],05/24/2005,05/24/2005,EPA,U.S. EPA,SOMERSET WATER POLLUTION CONTROL FACILITY,116 WALKER STREET,SOMERSET,MA,2725,BRISTOL,1,41.7175,-71.16888900000001,10900040804,4,14.763,4558.88,http://echo.epa.gov/detailed-facility-report?fid=110022329005
110022329005,ICIS,7379015,SOMERSET WATER POLLUTION CONTROL,1,3400057644,INS,Inspection/Evaluation,01000F1199580,Evaluation,CAA,112[R][7],02/14/2013,02/14/2013,EPA,U.S. EPA,SOMERSET WATER POLLUTION CONTROL FACILITY,116 WALKER STREET,SOMERSET,MA,2725,BRISTOL,1,41.7175,-71.16888900000001,10900040804,4,14.763,4558.88,http://echo.epa.gov/detailed-facility-report?fid=110022329005
110002018316,ICIS,600029738,COMMUNITY  SCHOOL,1,600055518,INS,Inspection/Evaluation,01000F349237,AHERA,TSCA,203,10/20/2006,10/20/2006,EPA,State,COMMUNITY ELEMENTARY SCHOOL,45 SOUTH WASHINGTON STREET,NORTH ATTLEBORO,MA,2760,BRISTOL,1,41.98022,-71.3332,10900040401,4,8.971,1357.97,http://echo.epa.gov/detailed-facility-report?fid=110002018316
110003481134,ICIS,600030832,LONZA,1,600057463,INS,Inspection/Evaluation,01000F373192,Evaluation,EPCRA,312,08/14/2007,08/14/2007,EPA,U.S. EPA,MARATHON A DIVISION OF COPHARMA,97 SOUTH ST,HOPKINTON,MA,1748,MIDDLESEX,1,42.20126,-71.54361999999999,10900030205,4,9.616,714.39,http://echo.epa.gov/detailed-facility-report?fid=110003481134
110003481134,ICIS,600030830,LONZA,1,600057459,INS,Inspection/Evaluation,01000F369222,Evaluation,TSCA,5,08/14/2007,08/14/2007,EPA,U.S. EPA,MARATHON A DIVISION OF COPHARMA,97 SOUTH ST,HOPKINTON,MA,1748,MIDDLESEX,1,42.20126,-71.54361999999999,10900030205,4,9.616,714.39,http://echo.epa.gov/detailed-facility-report?fid=110003481134
110000311537,ICIS,6512795,ATTLEBORO REFINING COMPANY INCORPORATED,1,116526,INS,Inspection/Evaluation,01000F23447,Reconnaissance without Sampling,CWA,308[A][B],04/06/2004,04/06/2004,EPA,U.S. EPA,ATTLEBORO REFINING,20 TOWNSEND RD.,ATTLEBORO,MA,2703,BRISTOL,1,41.920224,-71.321146,10900040401,4,16.445999999999998,1836.09,http://echo.epa.gov/detailed-facility-report?fid=110000311537
110000732495,ICIS,1946997,CHARLES A RICHARDSON INCORPORATED,1,86863,INS,Inspection/Evaluation,01000F1141,Evaluation,CWA,311,10/04/2002,10/04/2002,EPA,U.S. EPA,RICHARDSON CHARLES A INC,330 OTIS STREET,MANSFIELD,MA,2048,BRISTOL,1,41.98883,-71.25584,10900040301,4,8.068,952.72,http://echo.epa.gov/detailed-facility-report?fid=110000732495
110024274417,ICIS,7729539,"REZENDES, K R",1,600015351,INS,Inspection/Evaluation,01000F360238,Follow-Up,CWA,404,09/20/2006,09/20/2006,EPA,U.S. EPA,"REZENDES, K R",16 BRALEY ROAD,FREETOWN,MA,4032,BRISTOL,1,41.765488,-70.967698,10900040202,4,,,http://echo.epa.gov/detailed-facility-report?fid=110024274417
110024274417,ICIS,7729539,"REZENDES, K R",1,154668,INS,Inspection/Evaluation,01000F36138,Evaluation,CWA,404,07/14/2005,07/14/2005,EPA,U.S. EPA,"REZENDES, K R",16 BRALEY ROAD,FREETOWN,MA,4032,BRISTOL,1,41.765488,-70.967698,10900040202,4,,,http://echo.epa.gov/detailed-facility-report?fid=110024274417
110000312073,RCRAINFO,MAD000844597,WATERS TECHNOLOGY CORPORATION,1,3400282965,INS,Inspection/Evaluation,01000F1257686,Evaluation,RCRA,3002,03/19/2014,03/20/2014,EPA,U.S. EPA,WATERS CORP,177 ROBERT TREAT PAINE DR,TAUNTON,MA,2780,BRISTOL,1,41.95257,-71.13507,10900040302,4,9.201,751.89,http://echo.epa.gov/detailed-facility-report?fid=110000312073
110000312073,ICIS,3600766946,WATERS TECHNOLOGY CORP,1,3601180235,INS,Inspection/Evaluation,01000F1405680,Data Quality,EPCRA,313,09/19/2017,09/19/2017,EPA,U.S. EPA,WATERS CORP,177 ROBERT TREAT PAINE DR,TAUNTON,MA,2780,BRISTOL,1,41.95257,-71.13507,10900040302,4,9.201,751.89,http://echo.epa.gov/detailed-facility-report?fid=110000312073
110024362483,ICIS,2600028406,G CRONIN & SONS INC,1,2600060085,INS,Inspection/Evaluation,01000F879945,Evaluation,CWA,311,09/13/2011,09/13/2011,EPA,U.S. EPA,G CRONIN & SONS OIL,5 GEORGE ST,NORFOLK,MA,2056,NORFOLK,1,42.113401,-71.34506999999999,10900010602,4,10.81,911.6,http://echo.epa.gov/detailed-facility-report?fid=110024362483
110024362483,OIL,R1-CT-00146,G CRONIN & SONS OIL,1,3400230326,INS,Inspection/Evaluation,01000FOIL0000000000000073,Evaluation,CWA,311,07/07/2011,07/07/2011,EPA,U.S. EPA,G CRONIN & SONS OIL,5 GEORGE ST,NORFOLK,MA,2056,NORFOLK,1,42.113401,-71.34506999999999,10900010602,4,10.81,911.6,http://echo.epa.gov/detailed-facility-report?fid=110024362483
110002018156,ICIS,3600019066,MEDWAY MIDDLE & HIGH SCHOOL,1,3600080194,INS,Inspection/Evaluation,01000F1279066,AHERA,TSCA,203,06/18/2014,06/18/2014,EPA,State,MEDWAY MIDDLE & HIGH SCHOOL,45 HOLLISTON ST,MEDWAY,MA,2053,NORFOLK,1,42.1468,-71.40678,10900010603,4,6.979,1029.26,http://echo.epa.gov/detailed-facility-report?fid=110002018156
110024838808,ICIS,3400040883,NEWSTREAM LLC,1,3400134604,INS,Inspection/Evaluation,01000F1177820,Evaluation,TSCA,6,07/10/2013,07/10/2013,EPA,U.S. EPA,LIQUID ENVIRONMENTAL SOLUTION,527 PLEASANT ST,ATTLEBORO,MA,2703,BRISTOL,1,41.95265,-71.26971999999999,10900040401,4,14.419,1437.64,http://echo.epa.gov/detailed-facility-report?fid=110024838808
110001956018,ICIS,6358044,BAYSIDE LAMINATING,1,112925,INS,Inspection/Evaluation,01000F26733,Evaluation,CWA,308[A][B],02/26/2004,02/26/2004,EPA,U.S. EPA,BAYSIDE LAMINATING,848 AIRPORT ROAD,FALL RIVER,MA,2720,BRISTOL,1,41.74709,-71.11149,10900040804,4,7.922000000000001,1430.79,http://echo.epa.gov/detailed-facility-report?fid=110001956018
110001956018,ICIS,6358044,BAYSIDE LAMINATING,1,112922,INS,Inspection/Evaluation,01000F26731,Non-Sampling,CWA,308[A][B],02/26/2004,02/26/2004,EPA,U.S. EPA,BAYSIDE LAMINATING,848 AIRPORT ROAD,FALL RIVER,MA,2720,BRISTOL,1,41.74709,-71.11149,10900040804,4,7.922000000000001,1430.79,http://echo.epa.gov/detailed-facility-report?fid=110001956018
110024838808,ICIS,3600041701,LIQUID ENVIRONMENTAL SOLUTIONS OF NE LLC,1,3600134245,INS,Inspection/Evaluation,01000F1292992,Evaluation,TSCA,6,05/07/2015,05/07/2015,EPA,U.S. EPA,LIQUID ENVIRONMENTAL SOLUTION,527 PLEASANT ST,ATTLEBORO,MA,2703,BRISTOL,1,41.95265,-71.26971999999999,10900040401,4,14.419,1437.64,http://echo.epa.gov/detailed-facility-report?fid=110024838808
110024838808,RCRAINFO,MAC300005808,LIQUID ENVIRONMENTAL SOLUTION,1,1800094172,INS,Inspection/Evaluation,01000F700586,Evaluation,RCRA,3002,04/14/2010,04/14/2010,EPA,U.S. EPA,LIQUID ENVIRONMENTAL SOLUTION,527 PLEASANT ST,ATTLEBORO,MA,2703,BRISTOL,1,41.95265,-71.26971999999999,10900040401,4,14.419,1437.64,http://echo.epa.gov/detailed-facility-report?fid=110024838808
110045459874,ICIS,2600046216,COLD STORAGE SOLUTIONS INC,1,2600102709,INS,Inspection/Evaluation,01000F894145,Case Development,CAA,112[R][1],02/13/2012,02/13/2012,EPA,U.S. EPA,COLD STORAGE SOLUTIONS INC,230 KENNETH WELCH DRIVE,LAKEVILLE,MA,2347,PLYMOUTH,1,41.88204,-70.93983,10900040204,4,,,http://echo.epa.gov/detailed-facility-report?fid=110045459874
110045459874,ICIS,2600046214,COLD STORAGE SOLUTIONS INC,1,2600102707,INS,Inspection/Evaluation,01000F894144,Evaluation,EPCRA,302,02/13/2012,02/13/2012,EPA,U.S. EPA,COLD STORAGE SOLUTIONS INC,230 KENNETH WELCH DRIVE,LAKEVILLE,MA,2347,PLYMOUTH,1,41.88204,-70.93983,10900040204,4,,,http://echo.epa.gov/detailed-facility-report?fid=110045459874
110001939779,ICIS,6512765,ISP FREETOWN FINE CHEMICALS INC,1,600057762,INS,Inspection/Evaluation,01000F371564,Evaluation,CAA,112[R][7],05/31/2007,05/31/2007,EPA,U.S. EPA,ISP FREETOWN FINE CHEMICALS,238 SOUTH MAIN ST,ASSONET,MA,2702,BRISTOL,1,41.766110999999995,-71.106944,10900040804,4,6.85,915.05,http://echo.epa.gov/detailed-facility-report?fid=110001939779
110001939779,RCRAINFO,MAR000009605,ISP FREETOWN FINE CHEMICALS,1,600057434,INS,Inspection/Evaluation,01000F369220,Evaluation,RCRA,3002,07/26/2007,08/10/2007,EPA,U.S. EPA,ISP FREETOWN FINE CHEMICALS,238 SOUTH MAIN ST,ASSONET,MA,2702,BRISTOL,1,41.766110999999995,-71.106944,10900040804,4,6.85,915.05,http://echo.epa.gov/detailed-facility-report?fid=110001939779
110001939779,RCRAINFO,MAR000009605,ISP FREETOWN FINE CHEMICALS,1,1400024898,INS,Inspection/Evaluation,01000F594943,Evaluation,RCRA,3002,12/09/2008,12/10/2008,EPA,U.S. EPA,ISP FREETOWN FINE CHEMICALS,238 SOUTH MAIN ST,ASSONET,MA,2702,BRISTOL,1,41.766110999999995,-71.106944,10900040804,4,6.85,915.05,http://echo.epa.gov/detailed-facility-report?fid=110001939779
110001939779,RCRAINFO,MAR000009605,ISP FREETOWN FINE CHEMICALS,1,3601203547,INS,Inspection/Evaluation,01000F1408552,Evaluation,RCRA,3002,08/01/2017,08/03/2017,EPA,U.S. EPA,ISP FREETOWN FINE CHEMICALS,238 SOUTH MAIN ST,ASSONET,MA,2702,BRISTOL,1,41.766110999999995,-71.106944,10900040804,4,6.85,915.05,http://echo.epa.gov/detailed-facility-report?fid=110001939779
110000311582,ICIS,600019027,RPM INTERNATIONAL / MANTROSE HAEUSER CO,1,600035471,INS,Inspection/Evaluation,01000F373824,Evaluation,EPCRA,311,03/22/2007,03/22/2007,EPA,U.S. EPA,RUST-OLEUM,113 OLIVE ST.,ATTLEBORO,MA,2703,BRISTOL,1,41.937222,-71.28992099999999,10900040401,4,15.530999999999999,1473.96,http://echo.epa.gov/detailed-facility-report?fid=110000311582
110000311582,ICIS,1400010947,ZINSSER CO INC (FORMERLY MANTROSE HAEUSER CO),1,1400020553,INS,Inspection/Evaluation,01000F588071,Evaluation,CWA,311,11/14/2008,11/14/2008,EPA,U.S. EPA,RUST-OLEUM,113 OLIVE ST.,ATTLEBORO,MA,2703,BRISTOL,1,41.937222,-71.28992099999999,10900040401,4,15.530999999999999,1473.96,http://echo.epa.gov/detailed-facility-report?fid=110000311582
110000311582,ICIS,600019031,RPM INTERNATIONAL / MANTROSE HAEUSER CO,1,600035478,INS,Inspection/Evaluation,01000F373320,Evaluation,TSCA,5,03/22/2007,03/22/2007,EPA,U.S. EPA,RUST-OLEUM,113 OLIVE ST.,ATTLEBORO,MA,2703,BRISTOL,1,41.937222,-71.28992099999999,10900040401,4,15.530999999999999,1473.96,http://echo.epa.gov/detailed-facility-report?fid=110000311582
110000311582,ICIS,200002698,MANTROSE HAEUSER COMPANY INCORPORATED,1,200004710,INS,Inspection/Evaluation,01000F154878,Evaluation,CWA,311,07/14/2006,07/14/2006,EPA,U.S. EPA,RUST-OLEUM,113 OLIVE ST.,ATTLEBORO,MA,2703,BRISTOL,1,41.937222,-71.28992099999999,10900040401,4,15.530999999999999,1473.96,http://echo.epa.gov/detailed-facility-report?fid=110000311582
110010387483,ICIS,2200017878,MILDRED AITKENS ELEMENTARY SCHOOL,1,2200039990,INS,Inspection/Evaluation,01000F738486,AHERA,TSCA,203,05/08/2009,05/08/2009,EPA,State,AITKENS SCHOOL,165 NEWMAN AVENUE,SEEKONK,MA,2771,BRISTOL,1,41.845659999999995,-71.33442,10900040401,4,20.518,2247.62,http://echo.epa.gov/detailed-facility-report?fid=110010387483
110060296022,ICIS,3600148289,FRANKLIN SCHOOL,1,3601408538,INS,Inspection/Evaluation,01000F1427178,AHERA,TSCA,203,03/21/2017,03/21/2017,EPA,State,FRANKLIN SCHOOL,125 DERBY ST,NEWTON,MA,2465,MIDDLESEX,1,42.35801,-71.22898,10900010704,4,23.660999999999998,5095.96,http://echo.epa.gov/detailed-facility-report?fid=110060296022
110060296022,ICIS,3600148289,FRANKLIN SCHOOL,1,3600688086,INS,Inspection/Evaluation,01000F1340318,AHERA,TSCA,203,10/28/2015,10/28/2015,EPA,State,FRANKLIN SCHOOL,125 DERBY ST,NEWTON,MA,2465,MIDDLESEX,1,42.35801,-71.22898,10900010704,4,23.660999999999998,5095.96,http://echo.epa.gov/detailed-facility-report?fid=110060296022
110040428613,ICIS,1800035645,CAPT O'CONELL'S CO,1,1800061351,INS,Inspection/Evaluation,01000F676636,Evaluation,CWA,311,10/28/2009,10/28/2009,EPA,U.S. EPA,CAPT O'CONELL'S CO,180 RIVER STREET,FALL RIVER,MA,2720,BRISTOL,1,41.74133,-71.13056,10900040804,4,10.555,2222.21,http://echo.epa.gov/detailed-facility-report?fid=110040428613
110000310752,ICIS,2600008814,CAPSTAN ATLANTIC,1,2600018967,INS,Inspection/Evaluation,01000F856063,Evaluation,EPCRA,302,05/04/2011,05/04/2011,EPA,U.S. EPA,CAPSTAN ATLANTIC,10 CUSHING DR,WRENTHAM,MA,2093,NORFOLK,1,42.084871,-71.303667,10900010604,4,12.152000000000001,765.77,http://echo.epa.gov/detailed-facility-report?fid=110000310752
110000310752,ICIS,2600009075,CAPSTAN ATLANTIC,1,2600019181,INS,Inspection/Evaluation,01000F857216,Evaluation,CAA,112[R][7],05/04/2011,05/04/2011,EPA,U.S. EPA,CAPSTAN ATLANTIC,10 CUSHING DR,WRENTHAM,MA,2093,NORFOLK,1,42.084871,-71.303667,10900010604,4,12.152000000000001,765.77,http://echo.epa.gov/detailed-facility-report?fid=110000310752
110045459892,ICIS,2600046219,"COLD STORAGE SOLUTIONS I, INC",1,2600102717,INS,Inspection/Evaluation,01000F894148,Evaluation,EPCRA,302,02/13/2012,02/13/2012,EPA,U.S. EPA,COLD STORAGE SOLUTIONS I INC.,310 KENNETH WELCH DRIVE,LAKEVILLE,MA,2347,PLYMOUTH,1,41.88463,-70.94299000000001,10900040204,4,6.42,590.52,http://echo.epa.gov/detailed-facility-report?fid=110045459892
110045459892,ICIS,2600046219,"COLD STORAGE SOLUTIONS I, INC",1,3400146738,INS,Inspection/Evaluation,01000F1151442,Evaluation,EPCRA,302,08/05/2013,08/05/2013,EPA,U.S. EPA,COLD STORAGE SOLUTIONS I INC.,310 KENNETH WELCH DRIVE,LAKEVILLE,MA,2347,PLYMOUTH,1,41.88463,-70.94299000000001,10900040204,4,6.42,590.52,http://echo.epa.gov/detailed-facility-report?fid=110045459892
110022815195,ICIS,2600029114,CUMBERLAND FARMS,1,2600061976,INS,Inspection/Evaluation,01000F882073,Evaluation,RCRA,9005,09/07/2011,09/07/2011,EPA,U.S. EPA,CUMBERLAND FARMS GAS STATION,150 COMMONWEALTH AVE,NORTH ATTLEBORO,MA,2760,BRISTOL,1,41.96986,-71.31146,10900040401,4,13.464,1792.89,http://echo.epa.gov/detailed-facility-report?fid=110022815195
110045459892,ICIS,2600046220,"COLD STORAGE SOLUTIONS I, INC",1,3400146735,INS,Inspection/Evaluation,01000F1174221,Evaluation,CAA,112[R][1],08/05/2013,08/05/2013,EPA,U.S. EPA,COLD STORAGE SOLUTIONS I INC.,310 KENNETH WELCH DRIVE,LAKEVILLE,MA,2347,PLYMOUTH,1,41.88463,-70.94299000000001,10900040204,4,6.42,590.52,http://echo.epa.gov/detailed-facility-report?fid=110045459892
110045459892,ICIS,2600046220,"COLD STORAGE SOLUTIONS I, INC",1,2600102713,INS,Inspection/Evaluation,01000F894146,Case Development,CAA,112[R][1],02/13/2012,02/13/2012,EPA,U.S. EPA,COLD STORAGE SOLUTIONS I INC.,310 KENNETH WELCH DRIVE,LAKEVILLE,MA,2347,PLYMOUTH,1,41.88463,-70.94299000000001,10900040204,4,6.42,590.52,http://echo.epa.gov/detailed-facility-report?fid=110045459892
110044850346,ICIS,3400054550,EMD MILLIPORE CORPORATION,1,3400169382,INS,Inspection/Evaluation,01000F1162782,Evaluation,FIFRA,9,09/25/2013,09/25/2013,EPA,U.S. EPA,EMD MILLIPORE CORP,530 JOHN HANCOCK RD,TAUNTON,MA,2780,BRISTOL,1,41.93649,-71.12926,10900040302,4,13.19,1065.48,http://echo.epa.gov/detailed-facility-report?fid=110044850346
110010401911,ICIS,1800061872,FOXBORO HIGH SCHOOL,1,1800114465,INS,Inspection/Evaluation,01000F701515,AHERA,TSCA,203,07/16/2010,07/16/2010,EPA,State,FOXBORO HIGH SCHOOL,120 SOUTH STREET,FOXBOROUGH,MA,2035,NORFOLK,1,42.05594,-71.25399999999999,10900040302,4,10.113999999999999,966.38,http://echo.epa.gov/detailed-facility-report?fid=110010401911
110010401911,ICIS,1800061872,FOXBORO HIGH SCHOOL,1,2200000599,INS,Inspection/Evaluation,01000F721425,AHERA,TSCA,203,08/04/2010,08/04/2010,EPA,State,FOXBORO HIGH SCHOOL,120 SOUTH STREET,FOXBOROUGH,MA,2035,NORFOLK,1,42.05594,-71.25399999999999,10900040302,4,10.113999999999999,966.38,http://echo.epa.gov/detailed-facility-report?fid=110010401911
110030476562,ICIS,600017143,ARCTIC COLD STORAGE,1,600031473,INS,Inspection/Evaluation,01000F361857,Evaluation,EPCRA,302,03/08/2007,03/08/2007,EPA,U.S. EPA,ARCTIC COLD STORAGE,420 CURRANT ROAD,FALL RIVER,MA,2720,BRISTOL,1,41.741620000000005,-71.11187,10900040804,4,8.433,1598.29,http://echo.epa.gov/detailed-facility-report?fid=110030476562
110012171755,ICIS,1000006377,ROOSEVELT AVENUE SCHOOL,1,1000012516,INS,Inspection/Evaluation,01000F496556,AHERA,TSCA,208,07/24/2008,07/24/2008,EPA,State,ROOSEVELT AVENUE SCHOOL,108 ROOSEVELT AVE,NORTH ATTLEBORO,MA,2760,BRISTOL,1,41.97833,-71.33915999999999,10900040401,4,8.794,1314.85,http://echo.epa.gov/detailed-facility-report?fid=110012171755
110001950354,PCS,MA0003701,POLYFIBER LLC,1,115605,INS,Inspection/Evaluation,01000F14409,Evaluation,CWA,308[A][B],04/06/2004,04/06/2004,EPA,U.S. EPA,POLYFIBER LLC,55 STARKEY AVENUE,ATTLEBORO,MA,2703,BRISTOL,1,41.95241,-71.27558,10900040401,4,14.445,1504.81,http://echo.epa.gov/detailed-facility-report?fid=110001950354
110000732538,RCRAINFO,MAD051505477,ZENECA SPECIALTIES,1,600046497,INS,Inspection/Evaluation,01000F365025,Evaluation,RCRA,3002,05/29/2007,05/29/2007,EPA,U.S. EPA,ZENECA SPECIALTIES,333 MAIN STREET,DIGHTON,MA,2715,BRISTOL,1,41.815276000000004,-71.124818,10900040804,4,4.1819999999999995,447.68,http://echo.epa.gov/detailed-facility-report?fid=110000732538
110024252084,ICIS,2600029117,CUMBERLAND FARMS INC,1,2600061979,INS,Inspection/Evaluation,01000F882181,Evaluation,RCRA,9005,09/08/2011,09/08/2011,EPA,U.S. EPA,CUMBERLAND FARMS INC,4548 NORTH MAIN ST,FALL RIVER,MA,2720,BRISTOL,1,41.75627,-71.11869,10900040804,4,7.277,1291.91,http://echo.epa.gov/detailed-facility-report?fid=110024252084
110007228552,ICIS,1948531,BAYER HEALTHCARE LLC,1,91607,INS,Inspection/Evaluation,01000F7045,Non-Sampling,CWA,308[A][B],02/13/2003,02/13/2003,EPA,U.S. EPA,BAYER HEALTHCARE LLC,63 NORTH STREET,MEDFIELD,MA,2052,NORFOLK,1,42.188719,-71.30747,10900010604,4,6.882000000000001,711.34,http://echo.epa.gov/detailed-facility-report?fid=110007228552
110061143926,ICIS,3600776851,SCHNITZER NORTHEAST - ATTLEBORO,1,3601195734,INS,Inspection/Evaluation,01000F1407832,PCE On-Site,CAA,608,07/28/2017,07/28/2017,EPA,U.S. EPA,SCHNITZER NORTHEAST - ATTLEBORO,136 BACON STREET,ATTLEBORO,MA,2703,BRISTOL,1,41.896915,-71.372888,10900030207,4,39.094,4646.59,http://echo.epa.gov/detailed-facility-report?fid=110061143926
110038513953,ICIS,2600041542,TEGRA MEDICAL,1,2600091184,INS,Inspection/Evaluation,01000F893066,Evaluation,CWA,311,12/12/2011,12/12/2011,EPA,U.S. EPA,TEGRA MEDICAL,9 FORGE PKWY,FRANKLIN,MA,2038,NORFOLK,1,42.08465,-71.43554,10900010601,4,8.582,1129.57,http://echo.epa.gov/detailed-facility-report?fid=110038513953
110038513953,ICIS,2600041545,TEGRA MEDICAL,1,2600091186,INS,Inspection/Evaluation,01000F892246,Evaluation (IU),CWA,308[A][B],12/12/2011,12/12/2011,EPA,U.S. EPA,TEGRA MEDICAL,9 FORGE PKWY,FRANKLIN,MA,2038,NORFOLK,1,42.08465,-71.43554,10900010601,4,8.582,1129.57,http://echo.epa.gov/detailed-facility-report?fid=110038513953
110030476688,ICIS,600017149,RAW SEAFOOD INC,1,600031480,INS,Inspection/Evaluation,01000F361859,Evaluation,EPCRA,302,03/08/2007,03/08/2007,EPA,U.S. EPA,RAW SEAFOOD INC,481 CURRANT ROAD,FALL RIVER,MA,2720,BRISTOL,1,41.741599,-71.111755,10900040804,4,8.427999999999999,1594.4,http://echo.epa.gov/detailed-facility-report?fid=110030476688
110010405506,ICIS,3600870707,ATTLEBORO HIGH SCHOOL,1,3601413664,INS,Inspection/Evaluation,01000F1427572,AHERA,TSCA,203,06/05/2017,06/05/2017,EPA,State,ATTLEBORO HIGH SCHOOL,100 RATHBUN WILLARD DRIVE,ATTLEBORO,MA,2703,BRISTOL,1,41.940129999999996,-71.30315,10900040401,4,15.626,1580.35,http://echo.epa.gov/detailed-facility-report?fid=110010405506
110024312750,ICIS,6679476,LOWES HOME CENTERS 1889,1,120980,INS,Inspection/Evaluation,01000F21468,Evaluation,CWA,308[A][B],06/10/2004,06/10/2004,EPA,U.S. EPA,LOWES HOME CENTERS 1889,40 FORTUNE BLVD,MILFORD,MA,1757,WORCESTER,1,42.16207,-71.50735999999999,10900010601,4,14.934000000000001,1332.26,http://echo.epa.gov/detailed-facility-report?fid=110024312750
110037956646,ICIS,1400011103,PREFERRED FREEZER SERVICES,1,1400024375,INS,Inspection/Evaluation,01000F578484,Full Evaluation,CAA,PARTC,12/30/2008,12/30/2008,EPA,U.S. EPA,PREFERRED FREEZER SERVICES,571 PARAMOUNT DRIVE,RAYNHAM,MA,2767,BRISTOL,1,41.9013,-71.02226999999999,10900040204,4,10.883,735.12,http://echo.epa.gov/detailed-facility-report?fid=110037956646
110003422216,ICIS,1800008678,WESTON NURSERIES INC,1,1800021760,INS,Inspection/Evaluation,01000F672175,Oversight,FIFRA,9,04/09/2009,04/09/2009,EPA,U.S. EPA,WESTON NURSERIES INC,30 PHIPPS ST,HOPKINTON,MA,1748,MIDDLESEX,1,42.239259999999994,-71.50248,10700050102,4,12.850999999999999,823.75,http://echo.epa.gov/detailed-facility-report?fid=110003422216
110037190759,ICIS,3601127371,REGENCY TRANSPORTATION INC.,1,3601987167,INS,Inspection/Evaluation,01000F1486609,Evaluation,CWA,311,09/25/2019,09/25/2019,EPA,U.S. EPA,"REGENCY TRANSPORTATION, INC.",5 KENWOOD CIR,FRANKLIN,MA,2038,NORFOLK,1,42.072109999999995,-71.42315,10900010601,4,8.521,991.81,http://echo.epa.gov/detailed-facility-report?fid=110037190759
110024371589,ICIS,600029809,CHASE STREET  ELEMENTARY SCHOOL,1,600055616,INS,Inspection/Evaluation,01000F345142,AHERA,TSCA,203,04/17/2007,04/17/2007,EPA,State,CHASE STREET SCHOOL,538 CHASE ST,SOMERSET,MA,2726,BRISTOL,1,41.761761,-71.147954,10900040804,4,6.94,1404.27,http://echo.epa.gov/detailed-facility-report?fid=110024371589
110024306268,ICIS,600038870,WASTE MANAGEMENT OF MASSACHUSETTS INC,1,600077853,INS,Inspection/Evaluation,01000F356074,Evaluation,CAA,110,12/05/2007,12/05/2007,EPA,U.S. EPA,"WASTE MANAGEMENT OF MA, INC",35 THRASHER ST,RAYNHAM,MA,2767,BRISTOL,1,41.92276,-71.06557,10900040204,4,15.546,1560.49,http://echo.epa.gov/detailed-facility-report?fid=110024306268
110021832052,ICIS,2200017865,MJ KUSS MIDDLE SCHOOL,1,2200039947,INS,Inspection/Evaluation,01000F738477,AHERA,TSCA,203,03/19/2009,03/19/2009,EPA,State,MJ KUSS MIDDLE SCHOOL,290 ROCK STREET,FALL RIVER,MA,2720,BRISTOL,1,41.70582,-71.15222,10900040804,4,15.267999999999999,4869.1,http://echo.epa.gov/detailed-facility-report?fid=110021832052
110041973941,ICIS,2600023152,BENJAMIN MOORE & CO,1,2600048306,INS,Inspection/Evaluation,01000F872677,Data Quality,EPCRA,313,08/24/2011,08/24/2011,EPA,U.S. EPA,BENJAMIN MOORE PAINT,49 SUMNER ST,MILFORD,MA,1757,WORCESTER,1,42.14703,-71.51706999999999,10900010601,4,14.831,1335.34,http://echo.epa.gov/detailed-facility-report?fid=110041973941
110001952030,ICIS,1800040488,MCCABE SAND&GRAVEL C,1,1800068848,INS,Inspection/Evaluation,01000F687812,Evaluation,RCRA,9005,11/13/2009,11/13/2009,EPA,U.S. EPA,MCCABE SAND & GRAVEL,120 BERKLEY ST,TAUNTON,MA,2780,BRISTOL ,1,41.88248,-71.08801,10900040804,4,17.293,1593.7,http://echo.epa.gov/detailed-facility-report?fid=110001952030
110001973749,ICIS,1800060380,DIMAN REGIONAL VOCATIONAL SC,1,1800112233,INS,Inspection/Evaluation,01000F704522,AHERA,TSCA,203,06/28/2010,06/28/2010,EPA,State,DIMAN REGIONAL VOC TECH SCHOOL,251 STONEHAVEN RD,FALL RIVER,MA,2723,BRISTOL,1,41.699873,-71.124648,10900040803,4,15.834000000000001,3884.97,http://echo.epa.gov/detailed-facility-report?fid=110001973749
110001973749,ICIS,1800060380,DIMAN REGIONAL VOCATIONAL SC,1,3400031606,INS,Inspection/Evaluation,01000F1209335,AHERA,TSCA,203,10/24/2011,10/24/2011,EPA,State,DIMAN REGIONAL VOC TECH SCHOOL,251 STONEHAVEN RD,FALL RIVER,MA,2723,BRISTOL,1,41.699873,-71.124648,10900040803,4,15.834000000000001,3884.97,http://echo.epa.gov/detailed-facility-report?fid=110001973749
110001973749,ICIS,1800060380,DIMAN REGIONAL VOCATIONAL SC,1,3601218190,INS,Inspection/Evaluation,01000F1410450,AHERA,TSCA,203,11/16/2016,11/16/2016,EPA,State,DIMAN REGIONAL VOC TECH SCHOOL,251 STONEHAVEN RD,FALL RIVER,MA,2723,BRISTOL,1,41.699873,-71.124648,10900040803,4,15.834000000000001,3884.97,http://echo.epa.gov/detailed-facility-report?fid=110001973749
110022831952,RCRAINFO,MAC300001088,V&S TAUNTON GALVANIZING LLC,1,3400166559,INS,Inspection/Evaluation,01000F1230818,Evaluation,RCRA,3002,09/26/2013,09/26/2013,EPA,U.S. EPA,V&S TAUNTON GALVANIZING LLC,585 JOHN HANCOCK RD,TAUNTON,MA,2780,BRISTOL,1,41.93571,-71.12869,10900040302,4,13.5,1093.07,http://echo.epa.gov/detailed-facility-report?fid=110022831952
110022831952,ICIS,3000019283,V&S TAUNTON GALVANIZING LLC,1,3000036951,INS,Inspection/Evaluation,01000F940025,Evaluation,EPCRA,313,06/15/2012,06/15/2012,EPA,U.S. EPA,V&S TAUNTON GALVANIZING LLC,585 JOHN HANCOCK RD,TAUNTON,MA,2780,BRISTOL,1,41.93571,-71.12869,10900040302,4,13.5,1093.07,http://echo.epa.gov/detailed-facility-report?fid=110022831952
110017719959,ICIS,6386226,PREFERRED FREEZER,1,114174,INS,Inspection/Evaluation,01000F24055,Data Quality,EPCRA,313,03/12/2004,03/12/2004,EPA,U.S. EPA,PREFERRED FREEZER SERVICES OF BOSTON LLC,1 COMMERCIAL ST,SHARON,MA,2067,NORFOLK,1,42.115190000000005,-71.23635999999999,10900010801,4,13.082,990.65,http://echo.epa.gov/detailed-facility-report?fid=110017719959
110017719959,ICIS,1400011101,PREFERRED FREEZER,1,1400024315,INS,Inspection/Evaluation,01000F584865,Full Evaluation,CAA,608,12/30/2008,12/30/2008,EPA,U.S. EPA,PREFERRED FREEZER SERVICES OF BOSTON LLC,1 COMMERCIAL ST,SHARON,MA,2067,NORFOLK,1,42.115190000000005,-71.23635999999999,10900010801,4,13.082,990.65,http://echo.epa.gov/detailed-facility-report?fid=110017719959
110001949688,ICIS,600021115,AMERICAN DRYER CORPORATION,1,600040189,INS,Inspection/Evaluation,01000F372574,Evaluation,EPCRA,312,04/19/2007,04/19/2007,EPA,U.S. EPA,WHIRLPOOL,88 CURRANT ROAD,FALL RIVER,MA,2720,BRISTOL,1,41.74239,-71.11662,10900040804,4,8.65,1767.37,http://echo.epa.gov/detailed-facility-report?fid=110001949688
110001949688,ICIS,600021114,AMERICAN DRYER CORPORATION,1,600040193,INS,Inspection/Evaluation,01000F353322,Evaluation,TSCA,5,04/19/2007,04/19/2007,EPA,U.S. EPA,WHIRLPOOL,88 CURRANT ROAD,FALL RIVER,MA,2720,BRISTOL,1,41.74239,-71.11662,10900040804,4,8.65,1767.37,http://echo.epa.gov/detailed-facility-report?fid=110001949688
110024302128,ICIS,3600890245,SWANSEA MARINA,1,3601460645,INS,Inspection/Evaluation,01000F1433789,Reconnaissance without Sampling,CWA,311,06/06/2018,06/06/2018,EPA,U.S. EPA,SWANSEA MARINA,161 CALEF AVE,SWANSEA,MA,2777,BRISTOL,1,41.71646,-71.21056,10900040905,4,10.356,2400.53,http://echo.epa.gov/detailed-facility-report?fid=110024302128
110000613836,RCRAINFO,MAD001190644,BASF CATALYSTS,1,1000009975,INS,Inspection/Evaluation,01000F498591,Evaluation,RCRA,3002,06/27/2008,06/27/2008,EPA,U.S. EPA,BASF CATALYSTS,36 TAUNTON STREET,PLAINVILLE,MA,2762,NORFOLK,1,42.01424,-71.30603,10900040301,4,7.699,1131.0,http://echo.epa.gov/detailed-facility-report?fid=110000613836
110016746306,EIS,14511211,MILTON CAT,1,3600034521,INS,Inspection/Evaluation,EF000F1270922,Motor Vehicle/Engine,CAA,213,10/22/2014,10/22/2014,EPA,U.S. EPA,MILTON CAT,101 QUARRY DR,MILFORD,MA,1757,WORCESTER,1,42.156859000000004,-71.500372,10900010601,4,14.915,1335.16,http://echo.epa.gov/detailed-facility-report?fid=110016746306
110040072890,ICIS,1800020225,AMARO MARKET SUNOCO,1,1800037590,INS,Inspection/Evaluation,01000F679139,Evaluation,RCRA,9005,07/24/2009,07/24/2009,EPA,State; U.S. EPA,AMARO MARKET SUNOCO,508 MIDDLEBORO AVENUE,TAUNTON (EAST TAUNTON),MA,2718,BRISTOL,1,41.88239,-71.02731999999999,10900040204,4,,,http://echo.epa.gov/detailed-facility-report?fid=110040072890
110028092597,ICIS,6357887,USGEN NEW ENGLAND INCORPORATED,1,112574,INS,Inspection/Evaluation,01000F25574,Evaluation,CWA,311,02/27/2003,02/27/2003,EPA,U.S. EPA,DOMINION ENERGY BRAYTON POINT POWER PLANT,1 BRAYTON POINT RD,SOMERSET,MA,2725,BRISTOL,1,41.709989,-71.192441,10900040804,4,14.955,4280.51,http://echo.epa.gov/detailed-facility-report?fid=110028092597
110028092597,ICIS,6357887,USGEN NEW ENGLAND INCORPORATED,1,600069753,INS,Inspection/Evaluation,01000F342725,Evaluation,CWA,311,09/17/2007,09/17/2007,EPA,U.S. EPA,DOMINION ENERGY BRAYTON POINT POWER PLANT,1 BRAYTON POINT RD,SOMERSET,MA,2725,BRISTOL,1,41.709989,-71.192441,10900040804,4,14.955,4280.51,http://echo.epa.gov/detailed-facility-report?fid=110028092597
110028092597,ICIS,600036606,DOMINION ENERGY BRAYTON POINT,1,600069758,INS,Inspection/Evaluation,01000F342728,Evaluation,CWA,311,09/17/2007,09/17/2007,EPA,U.S. EPA,DOMINION ENERGY BRAYTON POINT POWER PLANT,1 BRAYTON POINT RD,SOMERSET,MA,2725,BRISTOL,1,41.709989,-71.192441,10900040804,4,14.955,4280.51,http://echo.epa.gov/detailed-facility-report?fid=110028092597
110008407802,ICIS,8028094,PEPSI COLA BOTTLING GROUP,1,172744,INS,Inspection/Evaluation,01000F42679,Non-313,EPCRA,302,03/23/2006,03/23/2006,EPA,U.S. EPA,PEPSI COLA BOTTLING GROUP,620 MYLES STANDISH BLVD,TAUNTON,MA,2780,BRISTOL,1,41.960029999999996,-71.13029,10900040801,4,8.772,636.14,http://echo.epa.gov/detailed-facility-report?fid=110008407802
110028092597,ICIS,1946971,USGEN NEW ENGLAND INCORPORATED,1,94727,INS,Inspection/Evaluation,01000F4913,Evaluation,CAA,TITLE4,04/10/2003,04/10/2003,EPA,U.S. EPA,DOMINION ENERGY BRAYTON POINT POWER PLANT,1 BRAYTON POINT RD,SOMERSET,MA,2725,BRISTOL,1,41.709989,-71.192441,10900040804,4,14.955,4280.51,http://echo.epa.gov/detailed-facility-report?fid=110028092597
110028092597,OIL,R1-MA-00067,DOMINION ENERGY BRAYTON POINT POWER PLANT,1,3400239321,INS,Inspection/Evaluation,01000FOIL0000000000000004,Evaluation,CWA,311,02/19/2014,02/19/2014,EPA,U.S. EPA,DOMINION ENERGY BRAYTON POINT POWER PLANT,1 BRAYTON POINT RD,SOMERSET,MA,2725,BRISTOL,1,41.709989,-71.192441,10900040804,4,14.955,4280.51,http://echo.epa.gov/detailed-facility-report?fid=110028092597
110028092597,OIL,R1-MA-00067,DOMINION ENERGY BRAYTON POINT POWER PLANT,1,3400231429,INS,Inspection/Evaluation,01000FOIL0000000000000069,Evaluation,CWA,311,03/19/2014,03/19/2014,EPA,U.S. EPA,DOMINION ENERGY BRAYTON POINT POWER PLANT,1 BRAYTON POINT RD,SOMERSET,MA,2725,BRISTOL,1,41.709989,-71.192441,10900040804,4,14.955,4280.51,http://echo.epa.gov/detailed-facility-report?fid=110028092597
110054882249,ICIS,3000040393,EASTERN BUS COMPANY INC,1,3000083432,INS,Inspection/Evaluation,01000F942562,Evaluation,CAA,110,11/15/2012,11/15/2012,EPA,U.S. EPA,"EASTERN BUS COMPANY, INC",50 OAKLAND STREET,WELLESLEY,MA,2481,METROPOLITAN BOSTON,1,42.31146,-71.2641,10900010703,4,,,http://echo.epa.gov/detailed-facility-report?fid=110054882249
110054882249,ICIS,3000040393,EASTERN BUS COMPANY INC,1,3000083433,INS,Inspection/Evaluation,01000F942563,Evaluation,CAA,110,11/20/2012,11/20/2012,EPA,U.S. EPA,"EASTERN BUS COMPANY, INC",50 OAKLAND STREET,WELLESLEY,MA,2481,METROPOLITAN BOSTON,1,42.31146,-71.2641,10900010703,4,,,http://echo.epa.gov/detailed-facility-report?fid=110054882249
110054882249,ICIS,3000040393,EASTERN BUS COMPANY INC,1,3400025901,INS,Inspection/Evaluation,01000F1174502,Evaluation,CAA,110,12/07/2012,12/07/2012,EPA,U.S. EPA,"EASTERN BUS COMPANY, INC",50 OAKLAND STREET,WELLESLEY,MA,2481,METROPOLITAN BOSTON,1,42.31146,-71.2641,10900010703,4,,,http://echo.epa.gov/detailed-facility-report?fid=110054882249
110054882249,ICIS,3000040393,EASTERN BUS COMPANY INC,1,3400024910,INS,Inspection/Evaluation,01000F1195399,Evaluation,CAA,110,12/05/2012,12/05/2012,EPA,U.S. EPA,"EASTERN BUS COMPANY, INC",50 OAKLAND STREET,WELLESLEY,MA,2481,METROPOLITAN BOSTON,1,42.31146,-71.2641,10900010703,4,,,http://echo.epa.gov/detailed-facility-report?fid=110054882249
110054882249,ICIS,3000040393,EASTERN BUS COMPANY INC,1,3000083435,INS,Inspection/Evaluation,01000F918974,Evaluation,CAA,110,11/27/2012,11/27/2012,EPA,U.S. EPA,"EASTERN BUS COMPANY, INC",50 OAKLAND STREET,WELLESLEY,MA,2481,METROPOLITAN BOSTON,1,42.31146,-71.2641,10900010703,4,,,http://echo.epa.gov/detailed-facility-report?fid=110054882249
110028129834,ICIS,8029787,FOXBOROUGH REAL ESTATE,1,176745,INS,Inspection/Evaluation,01000F46199,Evaluation,TSCA,1018,04/26/2006,04/26/2006,EPA,U.S. EPA,FOXBOROUGH REAL ESTATE,1 MAIN ST,FOXBOROUGH,MA,2035,NORFOLK,1,42.065509999999996,-71.25124,10900040302,4,,,http://echo.epa.gov/detailed-facility-report?fid=110028129834
110028129834,ICIS,8029787,FOXBOROUGH REAL ESTATE,1,176746,INS,Inspection/Evaluation,01000F46200,Evaluation,TSCA,406B,04/26/2006,04/26/2006,EPA,U.S. EPA,FOXBOROUGH REAL ESTATE,1 MAIN ST,FOXBOROUGH,MA,2035,NORFOLK,1,42.065509999999996,-71.25124,10900040302,4,,,http://echo.epa.gov/detailed-facility-report?fid=110028129834
110045690613,ICIS,1400021499,BULLUKIAN H SONS INC,1,1400045656,INS,Inspection/Evaluation,01000F589494,Evaluation,CWA,311,05/14/2009,05/14/2009,EPA,U.S. EPA,H. BULLUKIAN & SONS,40 ALPINE ROW,FRANKLIN,MA,2038,NORFOLK,1,42.08347,-71.39492,10900010602,4,7.983,1095.9,http://echo.epa.gov/detailed-facility-report?fid=110045690613
110056359159,ICIS,3400059750,MICHAEL J CONNELLY & SONS,1,3400185867,INS,Inspection/Evaluation,01000F1149244,Evaluation,CAA,110,11/14/2013,11/14/2013,EPA,U.S. EPA,MICHAEL J CONNELLY & SONS,67 HIGH PLAIN STREET,SHARON,MA,2067,NORFOLK,1,42.14118,-71.20883,10900010801,4,,,http://echo.epa.gov/detailed-facility-report?fid=110056359159
110056359159,ICIS,3400059750,MICHAEL J CONNELLY & SONS,1,3400188942,INS,Inspection/Evaluation,01000F1227347,Evaluation,CAA,110,12/12/2013,12/12/2013,EPA,U.S. EPA,MICHAEL J CONNELLY & SONS,67 HIGH PLAIN STREET,SHARON,MA,2067,NORFOLK,1,42.14118,-71.20883,10900010801,4,,,http://echo.epa.gov/detailed-facility-report?fid=110056359159
110056359159,ICIS,3400059750,MICHAEL J CONNELLY & SONS,1,3400197259,INS,Inspection/Evaluation,01000F1239215,Evaluation,CAA,110,01/09/2014,01/09/2014,EPA,U.S. EPA,MICHAEL J CONNELLY & SONS,67 HIGH PLAIN STREET,SHARON,MA,2067,NORFOLK,1,42.14118,-71.20883,10900010801,4,,,http://echo.epa.gov/detailed-facility-report?fid=110056359159
110006501918,ICIS,3601104119,DRAKA CABLE,1,3601924689,INS,Inspection/Evaluation,01000F1478518,Data Quality,EPCRA,313,07/30/2019,07/30/2019,EPA,U.S. EPA,DRAKA CABLETEQ USA,22 JOSEPH E WARNER BOULEVARD,DIGHTON,MA,2715,BRISTOL,1,41.866446,-71.125438,10900040302,4,16.798,987.52,http://echo.epa.gov/detailed-facility-report?fid=110006501918
110043997244,ICIS,1800055536,AMERICOLD LOGISTICS LLC,1,1800104681,INS,Inspection/Evaluation,01000F699174,Evaluation,EPCRA,302,03/24/2010,03/24/2010,EPA,U.S. EPA,AMERICOLD LOGISTICS,455 JOHN HANCOCK ROAD,TAUNTON,MA,2780,BRISTOL,1,41.93938,-71.13129,10900040302,4,12.532,958.72,http://echo.epa.gov/detailed-facility-report?fid=110043997244
110043997244,ICIS,1800055537,AMERICOLD LOGISTICS LLC,1,1800104685,INS,Inspection/Evaluation,01000F697917,Evaluation,CAA,112[R][7],03/24/2010,03/24/2010,EPA,U.S. EPA,AMERICOLD LOGISTICS,455 JOHN HANCOCK ROAD,TAUNTON,MA,2780,BRISTOL,1,41.93938,-71.13129,10900040302,4,12.532,958.72,http://echo.epa.gov/detailed-facility-report?fid=110043997244
110007297905,ICIS,3600870781,FREETOWN ELEMENTRY SCHOOL,1,3601414127,INS,Inspection/Evaluation,01000F1427659,AHERA,TSCA,203,08/07/2017,08/07/2017,EPA,State,FREETOWN ELEMENTRY SCHOOL,43 BULLOCK ROAD,EAST FREETOWN,MA,2717,BRISTOL,1,41.760690000000004,-71.01632,10900040802,4,4.206,138.67,http://echo.epa.gov/detailed-facility-report?fid=110007297905
110002052616,ICIS,3000033170,AGAR SUPPLY COMPANY,1,3000062173,INS,Inspection/Evaluation,01000F917976,Evaluation,CAA,112[R][7],09/13/2012,09/13/2012,EPA,U.S. EPA,REINHART AGAR FOOD SERVICE,225 JOHN HANCOCK RD,TAUNTON,MA,2780,BRISTOL ,1,41.944234,-71.136839,10900040302,4,9.6,844.22,http://echo.epa.gov/detailed-facility-report?fid=110002052616
110007309616,RCRAINFO,MAD991302712,HC STARCK INC,1,155500,INS,Inspection/Evaluation,01000F40403,Evaluation,RCRA,3002,07/27/2005,07/28/2005,EPA,U.S. EPA,HC STARCK INC,45 INDUSTRIAL PLACE,NEWTON,MA,2461,MIDDLESEX,1,42.30976,-71.21178,10900010703,4,18.69,3710.55,http://echo.epa.gov/detailed-facility-report?fid=110007309616
110007309616,RCRAINFO,MAD991302712,HC STARCK INC,1,1400002725,INS,Inspection/Evaluation,01000F543666,Evaluation,RCRA,3002,06/05/2008,06/05/2008,EPA,U.S. EPA,HC STARCK INC,45 INDUSTRIAL PLACE,NEWTON,MA,2461,MIDDLESEX,1,42.30976,-71.21178,10900010703,4,18.69,3710.55,http://echo.epa.gov/detailed-facility-report?fid=110007309616
110017344710,ICIS,6357810,TAUNTON OIL COMPANY,1,112500,INS,Inspection/Evaluation,01000F23217,Evaluation,CWA,311,01/23/2004,01/23/2004,EPA,U.S. EPA,TAUNTON OIL COMPANY,117 SUMMER STREET,TAUNTON,MA,2780,BRISTOL,1,41.89679,-71.08256,10900040801,4,,,http://echo.epa.gov/detailed-facility-report?fid=110017344710
110002052616,ICIS,8027745,AGAR SUPPLY COMPANY,1,600012081,INS,Inspection/Evaluation,01000F304317,Evaluation,EPCRA,303,03/14/2006,03/14/2006,EPA,U.S. EPA,REINHART AGAR FOOD SERVICE,225 JOHN HANCOCK RD,TAUNTON,MA,2780,BRISTOL ,1,41.944234,-71.136839,10900040302,4,9.6,844.22,http://echo.epa.gov/detailed-facility-report?fid=110002052616
110002052616,ICIS,8027745,AGAR SUPPLY COMPANY,1,172062,INS,Inspection/Evaluation,01000F47826,68.220 Evaluation,CAA,112[R][7],03/14/2006,03/14/2006,EPA,U.S. EPA,REINHART AGAR FOOD SERVICE,225 JOHN HANCOCK RD,TAUNTON,MA,2780,BRISTOL ,1,41.944234,-71.136839,10900040302,4,9.6,844.22,http://echo.epa.gov/detailed-facility-report?fid=110002052616
110041892832,ICIS,1800064762,ROBINSON SUPPLY COMPANY,1,1800120588,INS,Inspection/Evaluation,01000F703282,Full Evaluation,CAA,608,07/13/2010,07/13/2010,EPA,U.S. EPA,ROBINSON SUPPLY COMPANY,147 WASHINGTON ST,PLAINVILLE,MA,2762,NORFOLK,1,42.023540000000004,-71.3134,10900040301,4,7.296,979.55,http://echo.epa.gov/detailed-facility-report?fid=110041892832
110024356720,ICIS,1946979,SEEKONK MANUFACTURING COMPANY INCORPORATED,1,85226,INS,Inspection/Evaluation,01000F6421,Non-Sampling,CWA,308[A][B],08/22/2002,08/22/2002,EPA,U.S. EPA,SEEKONK MFG CO INC,87 PERRIN AVE,SEEKONK,MA,2771,BRISTOL,1,41.89236,-71.33643000000001,10900040401,4,32.518,2946.59,http://echo.epa.gov/detailed-facility-report?fid=110024356720
110000834900,RCRAINFO,MAD075348912,SAINT GOBAIN CONTAINERS,1,102035,INS,Inspection/Evaluation,01000F14197,Evaluation,RCRA,3007A,07/17/2003,07/17/2003,EPA,U.S. EPA,SAINT GOBAIN CONTAINERS,1 NATIONAL ST,MILFORD,MA,1757,WORCESTER,1,42.127778,-71.51055600000001,10900010601,4,14.458,1385.85,http://echo.epa.gov/detailed-facility-report?fid=110000834900
110000834900,ICIS,3400050800,SAINT GOBAIN CONTAINERS,1,3400158775,INS,Inspection/Evaluation,01000F1250962,Evaluation,CWA,308[A][B],09/17/2013,09/17/2013,EPA,U.S. EPA,SAINT GOBAIN CONTAINERS,1 NATIONAL ST,MILFORD,MA,1757,WORCESTER,1,42.127778,-71.51055600000001,10900010601,4,14.458,1385.85,http://echo.epa.gov/detailed-facility-report?fid=110000834900
110000834900,ICIS,3400050967,SAINT GOBAIN CONTAINERS,1,3400159156,INS,Inspection/Evaluation,01000F1193252,Evaluation,CWA,311,09/17/2013,09/17/2013,EPA,U.S. EPA,SAINT GOBAIN CONTAINERS,1 NATIONAL ST,MILFORD,MA,1757,WORCESTER,1,42.127778,-71.51055600000001,10900010601,4,14.458,1385.85,http://echo.epa.gov/detailed-facility-report?fid=110000834900
110000834900,ICIS,5868128,SAINT GOBAIN CONTAINERS LLC,1,103916,INS,Inspection/Evaluation,01000F15808,Full Evaluation,CAA,114,07/17/2003,07/17/2003,EPA,U.S. EPA,SAINT GOBAIN CONTAINERS,1 NATIONAL ST,MILFORD,MA,1757,WORCESTER,1,42.127778,-71.51055600000001,10900010601,4,14.458,1385.85,http://echo.epa.gov/detailed-facility-report?fid=110000834900
110024777954,ICIS,600034977,HENRI A YELLE SCHOOL,1,600066459,INS,Inspection/Evaluation,01000F342079,AHERA,TSCA,203,08/30/2007,08/30/2007,EPA,State,HENRI A YELLE SCHOOL,64 WEST MAIN STREET,NORTON,MA,2766,BRISTOL,1,41.96369,-71.19198,10900040302,4,6.956,699.1,http://echo.epa.gov/detailed-facility-report?fid=110024777954
110024777954,ICIS,600034977,HENRI A YELLE SCHOOL,1,600066524,INS,Inspection/Evaluation,01000F347586,AHERA,TSCA,203,09/07/2007,09/07/2007,EPA,State,HENRI A YELLE SCHOOL,64 WEST MAIN STREET,NORTON,MA,2766,BRISTOL,1,41.96369,-71.19198,10900040302,4,6.956,699.1,http://echo.epa.gov/detailed-facility-report?fid=110024777954
110024777954,ICIS,600034977,HENRI A YELLE SCHOOL,1,1000008242,INS,Inspection/Evaluation,01000F497166,AHERA,TSCA,203,06/24/2008,06/24/2008,EPA,State,HENRI A YELLE SCHOOL,64 WEST MAIN STREET,NORTON,MA,2766,BRISTOL,1,41.96369,-71.19198,10900040302,4,6.956,699.1,http://echo.epa.gov/detailed-facility-report?fid=110024777954
110024777954,ICIS,600034977,HENRI A YELLE SCHOOL,1,600066475,INS,Inspection/Evaluation,01000F371701,AHERA,TSCA,203,08/31/2007,08/31/2007,EPA,State,HENRI A YELLE SCHOOL,64 WEST MAIN STREET,NORTON,MA,2766,BRISTOL,1,41.96369,-71.19198,10900040302,4,6.956,699.1,http://echo.epa.gov/detailed-facility-report?fid=110024777954
110024777954,ICIS,600034977,HENRI A YELLE SCHOOL,1,600066481,INS,Inspection/Evaluation,01000F371704,AHERA,TSCA,203,08/17/2007,08/17/2007,EPA,State,HENRI A YELLE SCHOOL,64 WEST MAIN STREET,NORTON,MA,2766,BRISTOL,1,41.96369,-71.19198,10900040302,4,6.956,699.1,http://echo.epa.gov/detailed-facility-report?fid=110024777954
110000574646,ICIS,6724515,HALLSMITH SYSCO FOOD SERVICES,1,135530,INS,Inspection/Evaluation,01000F28311,Non-313,EPCRA,312,12/01/2004,12/01/2004,EPA,U.S. EPA,HALLSMITH SYSCO FOOD SERVICES,380 S WORCESTER ST,NORTON,MA,2766,BRISTOL,1,41.938140000000004,-71.17948,10900040301,4,7.151,580.92,http://echo.epa.gov/detailed-facility-report?fid=110000574646
110020041738,ICIS,1800050176,NEEDHAM MA DPW COMPLEX,1,1800095397,INS,Inspection/Evaluation,01000F696357,Evaluation,RCRA,9005,04/20/2010,04/20/2010,EPA,U.S. EPA,NEEDHAM MA DPW COMPLEX,470 DEDHAM AVENUE,NEEDHAM,MA,2492,NORFOLK,1,42.2692,-71.22058,10900010703,4,14.075,1929.59,http://echo.epa.gov/detailed-facility-report?fid=110020041738
110000496035,ICIS,3600196494,ROBBINS MANUFACTURING CO,1,3600797363,INS,Inspection/Evaluation,01000F1359003,Evaluation,CWA,311,08/30/2016,08/31/2016,EPA,U.S. EPA,ROBBINS MANUFACTURING CO INC,1200 AIRPORT RD.,FALL RIVER,MA,2720,BRISTOL,1,41.746596999999994,-71.10274100000001,10900040803,4,8.234,1139.11,http://echo.epa.gov/detailed-facility-report?fid=110000496035
110000496035,ICIS,3600196440,ROBBINS MANUFACTURING CO,1,3600797279,INS,Inspection/Evaluation,01000F1358970,Sampling (IU),CWA,308[A][B],08/30/2016,08/31/2016,EPA,U.S. EPA,ROBBINS MANUFACTURING CO INC,1200 AIRPORT RD.,FALL RIVER,MA,2720,BRISTOL,1,41.746596999999994,-71.10274100000001,10900040803,4,8.234,1139.11,http://echo.epa.gov/detailed-facility-report?fid=110000496035
110035861671,ICIS,1400012944,SENSATA TECHNOLOGIES,1,1400028138,INS,Inspection/Evaluation,01000F584740,Evaluation,CAA,110,01/27/2009,01/27/2009,EPA,U.S. EPA,SENSATA TECHNOLOGIES,529 PLEASANT ST,ATTLEBORO,MA,2703,BRISTOL,1,41.94832,-71.262764,10900040301,4,14.644,1386.68,http://echo.epa.gov/detailed-facility-report?fid=110035861671
110002018058,ICIS,2659056,EDSON INTERNATIONAL,1,99185,INS,Inspection/Evaluation,01000F12362,Sampling,RCRA,3007A,03/14/2003,03/14/2003,EPA,U.S. EPA,EDSON ANBAR FOUNDRY,9 SECOND ST,TAUNTON,MA,2780,BRISTOL,1,41.88603,-71.09151,10900040804,4,17.274,1627.96,http://echo.epa.gov/detailed-facility-report?fid=110002018058
110002018058,ICIS,2659056,EDSON INTERNATIONAL,1,92114,INS,Inspection/Evaluation,01000F9552,Evaluation,RCRA,3007A,02/27/2003,02/27/2003,EPA,U.S. EPA,EDSON ANBAR FOUNDRY,9 SECOND ST,TAUNTON,MA,2780,BRISTOL,1,41.88603,-71.09151,10900040804,4,17.274,1627.96,http://echo.epa.gov/detailed-facility-report?fid=110002018058
110000312064,ICIS,1800014545,TAUNTON MUNICIPAL LIGHTING CLEARY PLANT,1,1800029690,INS,Inspection/Evaluation,01000F674252,Evaluation,CWA,311,09/09/2009,09/09/2009,EPA,U.S. EPA,TAUNTON MUNICIPAL LIGHTING CLEARY PLANT,1314 SOMERSET AVENUE,TAUNTON,MA,2780,BRISTOL,1,41.865217,-71.10597,10900040804,4,17.767,1170.45,http://echo.epa.gov/detailed-facility-report?fid=110000312064
110000312064,ICIS,3600169399,TAUNTON MUNICIPAL LIGHTING PLANT,1,3600733661,INS,Inspection/Evaluation,01000F1347090,Evaluation,EPCRA,313,06/03/2016,06/03/2016,EPA,U.S. EPA,TAUNTON MUNICIPAL LIGHTING CLEARY PLANT,1314 SOMERSET AVENUE,TAUNTON,MA,2780,BRISTOL,1,41.865217,-71.10597,10900040804,4,17.767,1170.45,http://echo.epa.gov/detailed-facility-report?fid=110000312064
110000312064,ICIS,7378532,TAUNTON MUNICIPAL LIGHTING PLANT CLEARY FLOOD STATION,1,1800029669,INS,Inspection/Evaluation,01000F674251,Evaluation,CWA,311,09/09/2009,09/09/2009,EPA,U.S. EPA,TAUNTON MUNICIPAL LIGHTING CLEARY PLANT,1314 SOMERSET AVENUE,TAUNTON,MA,2780,BRISTOL,1,41.865217,-71.10597,10900040804,4,17.767,1170.45,http://echo.epa.gov/detailed-facility-report?fid=110000312064
110000312064,ICIS,7378532,TAUNTON MUNICIPAL LIGHTING PLANT CLEARY FLOOD STATION,1,145442,INS,Inspection/Evaluation,01000F32997,Evaluation,CWA,311,11/28/2004,11/28/2004,EPA,U.S. EPA,TAUNTON MUNICIPAL LIGHTING CLEARY PLANT,1314 SOMERSET AVENUE,TAUNTON,MA,2780,BRISTOL,1,41.865217,-71.10597,10900040804,4,17.767,1170.45,http://echo.epa.gov/detailed-facility-report?fid=110000312064
110036651398,ICIS,3400007405,BELLINGHAM MEMORIAL MIDDLE SCHOOL,1,3400031686,INS,Inspection/Evaluation,01000F1208299,AHERA,TSCA,203,08/01/2012,08/01/2012,EPA,State,BELLINGHAM MEMORIAL SCHOOL,130 BLACKSTONE ST,BELLINGHAM,MA,2019,NORFOLK,1,42.07537,-71.47395999999999,10900030208,4,7.942,647.07,http://echo.epa.gov/detailed-facility-report?fid=110036651398
110043465078,ICIS,2600003140,STRATEGIC MATERIALS,1,2600007047,INS,Inspection/Evaluation,01000F858588,Evaluation,CWA,311,03/14/2011,03/14/2011,EPA,U.S. EPA,STRATEGIC MATERIALS INC,45 KENWOOD CIRCLE,FRANKLIN,MA,2038,NORFOLK,1,42.072340000000004,-71.42016,10900010601,4,8.464,1004.17,http://echo.epa.gov/detailed-facility-report?fid=110043465078
110044874320,ICIS,2600038682,TALBOTS DISTRIBUTION CENTER,1,2600083910,INS,Inspection/Evaluation,01000F888275,Evaluation,EPCRA,302,12/08/2011,12/08/2011,EPA,U.S. EPA,TALBOTS INC,175 KENNETH WELCH DRIVE,LAKEVILLE,MA,2347,PLYMOUTH,1,41.87985,-70.93942,10900040204,4,6.388,607.57,http://echo.epa.gov/detailed-facility-report?fid=110044874320
110025398736,ICIS,1800043649,TRELLEBORG EMERSON & CUMING INC,1,1800077335,INS,Inspection/Evaluation,01000F684673,Full Evaluation,CAA,110,02/04/2010,02/04/2010,EPA,U.S. EPA,TRELLEBORG OFFSHORE BOSTON INC,290 FORBES BLVD,MANSFIELD,MA,2048,BRISTOL,1,42.033,-71.219,10900040302,4,9.775,1132.38,http://echo.epa.gov/detailed-facility-report?fid=110025398736
110028127426,ICIS,8029955,QUALITY BEVERAGE,1,3000076674,INS,Inspection/Evaluation,01000F938571,Evaluation,EPCRA,302,10/19/2012,10/19/2012,EPA,U.S. EPA,QUALITY BEVERAGE INC,525 MYLES STANDISH BLVD,TAUNTON,MA,2780,BRISTOL,1,41.95828,-71.13303,10900040801,4,8.775,655.07,http://echo.epa.gov/detailed-facility-report?fid=110028127426
110028127426,ICIS,8029955,QUALITY BEVERAGE,1,177259,INS,Inspection/Evaluation,01000F50082,Non-313,EPCRA,302,03/23/2006,03/23/2006,EPA,U.S. EPA,QUALITY BEVERAGE INC,525 MYLES STANDISH BLVD,TAUNTON,MA,2780,BRISTOL,1,41.95828,-71.13303,10900040801,4,8.775,655.07,http://echo.epa.gov/detailed-facility-report?fid=110028127426
110024371892,RCRAINFO,MAD982191983,DRAKA CABLETEQ USA,1,3400263941,INS,Inspection/Evaluation,01000F1257999,Evaluation,RCRA,3002,07/14/2014,07/14/2014,EPA,U.S. EPA,DRAKA CABLETEQ USA,761 JOSEPH WARNER BLVD,TAUNTON,MA,2780,BRISTOL,1,41.87149,-71.123863,10900040302,4,17.499000000000002,1137.57,http://echo.epa.gov/detailed-facility-report?fid=110024371892
110002056266,ICIS,3601112160,ETCH LOGIC,1,3601950384,INS,Inspection/Evaluation,01000F1481253,112(r)(7) Inspection,CAA,112[R][7],05/22/2019,05/22/2019,EPA,U.S. EPA,INTERPLEX ETCH LOGIC,54 VENUS WAY,ATTLEBORO,MA,2703,BRISTOL,1,41.9022,-71.34109000000001,10900040401,4,31.648000000000003,3111.73,http://echo.epa.gov/detailed-facility-report?fid=110002056266
110002056266,ICIS,3601112162,ETCH LOGIC,1,3601950388,INS,Inspection/Evaluation,01000F1481255,Evaluation,EPCRA,302,05/22/2019,05/22/2019,EPA,U.S. EPA,INTERPLEX ETCH LOGIC,54 VENUS WAY,ATTLEBORO,MA,2703,BRISTOL,1,41.9022,-71.34109000000001,10900040401,4,31.648000000000003,3111.73,http://echo.epa.gov/detailed-facility-report?fid=110002056266
110002056266,ICIS,3601112163,ETCH LOGIC,1,3601950391,INS,Inspection/Evaluation,01000F1481256,Evaluation,EPCRA,313,05/22/2019,05/22/2019,EPA,U.S. EPA,INTERPLEX ETCH LOGIC,54 VENUS WAY,ATTLEBORO,MA,2703,BRISTOL,1,41.9022,-71.34109000000001,10900040401,4,31.648000000000003,3111.73,http://echo.epa.gov/detailed-facility-report?fid=110002056266
110024299132,ICIS,2600026521,GLADDING HEARN SHIP BUILDING,1,2600055577,INS,Inspection/Evaluation,01000F882346,Full Evaluation,CAA,110,09/20/2011,09/20/2011,EPA,U.S. EPA,GLADDING HEARN SHIPBUILDING,1 RIVERSIDE AVE,SOMERSET,MA,2726,BRISTOL,1,41.71907,-71.16606999999999,10900040804,4,14.765999999999998,4407.11,http://echo.epa.gov/detailed-facility-report?fid=110024299132
110001947038,ICIS,600040975,DOHERTY  MEMORIAL HIGH SCHOOL,1,600079525,INS,Inspection/Evaluation,01000F363683,AHERA,TSCA,203,01/11/2008,01/11/2008,EPA,State,DOHERTY HIGH SCHOOL,299 HIGHLAND ST,WORCESTER,MA,1602,WORCESTER,1,42.16766,-71.55003,10900030205,4,14.812999999999999,1241.19,http://echo.epa.gov/detailed-facility-report?fid=110001947038
110000883759,ICIS,7344847,WATERS CORPORATION,1,139628,INS,Inspection/Evaluation,01000F28901,Non-Sampling,CWA,308[A][B],02/03/2005,02/03/2005,EPA,U.S. EPA,WATERS COMPANY,34 MAPLE STREET,MILFORD,MA,1757,WORCESTER,1,42.1328,-71.4827,10900010601,4,14.527000000000001,1232.71,http://echo.epa.gov/detailed-facility-report?fid=110000883759
110000883759,ICIS,7344847,WATERS CORPORATION,1,3600364734,INS,Inspection/Evaluation,01000F1314439,Sampling (IU),CWA,308[A][B],09/09/2015,09/09/2015,EPA,U.S. EPA,WATERS COMPANY,34 MAPLE STREET,MILFORD,MA,1757,WORCESTER,1,42.1328,-71.4827,10900010601,4,14.527000000000001,1232.71,http://echo.epa.gov/detailed-facility-report?fid=110000883759
110000883759,ICIS,7344847,WATERS CORPORATION,1,3601416863,INS,Inspection/Evaluation,01000F1428102,Sampling (IU),CWA,308[A][B],04/11/2018,04/12/2018,EPA,U.S. EPA,WATERS COMPANY,34 MAPLE STREET,MILFORD,MA,1757,WORCESTER,1,42.1328,-71.4827,10900010601,4,14.527000000000001,1232.71,http://echo.epa.gov/detailed-facility-report?fid=110000883759
110000883759,ICIS,7344847,WATERS CORPORATION,1,3601407098,INS,Inspection/Evaluation,01000F1426971,Evaluation (IU),CWA,308[A][B],04/11/2018,04/11/2018,EPA,U.S. EPA,WATERS COMPANY,34 MAPLE STREET,MILFORD,MA,1757,WORCESTER,1,42.1328,-71.4827,10900010601,4,14.527000000000001,1232.71,http://echo.epa.gov/detailed-facility-report?fid=110000883759
110000883759,ICIS,7344848,WATERS CORPORATION,1,139629,INS,Inspection/Evaluation,01000F28902,Evaluation,CWA,308[A][B],02/03/2005,02/03/2005,EPA,U.S. EPA,WATERS COMPANY,34 MAPLE STREET,MILFORD,MA,1757,WORCESTER,1,42.1328,-71.4827,10900010601,4,14.527000000000001,1232.71,http://echo.epa.gov/detailed-facility-report?fid=110000883759
110017883566,ICIS,7424437,FRE BUILDING COMPANY INC,1,148001,INS,Inspection/Evaluation,01000F38981,Evaluation,CWA,308[A][B],05/25/2005,05/25/2005,EPA,U.S. EPA,DYNASTY ESTATES,5 DYNASTY DR,MILFORD,MA,1757,WORCESTER,1,42.1682,-71.52597,10900010601,4,15.039000000000001,1298.78,http://echo.epa.gov/detailed-facility-report?fid=110017883566
110017883566,ICIS,6679482,DYNASTY ESTATES,1,120986,INS,Inspection/Evaluation,01000F22555,Evaluation,CWA,308[A][B],06/10/2004,06/10/2004,EPA,U.S. EPA,DYNASTY ESTATES,5 DYNASTY DR,MILFORD,MA,1757,WORCESTER,1,42.1682,-71.52597,10900010601,4,15.039000000000001,1298.78,http://echo.epa.gov/detailed-facility-report?fid=110017883566
110024333960,ICIS,600025577,WASTE MANAGEMENT OF TAUNTON,1,600055644,INS,Inspection/Evaluation,01000F372494,Evaluation,CAA,110,06/19/2007,06/19/2007,EPA,U.S. EPA,TAUNTON LANDFILL & GAS ENERGY RECOVERY,330 EAST BRITANNIA ST,TAUNTON,MA,2780,BRISTOL,1,41.922990000000006,-71.086477,10900040204,4,15.888,1692.34,http://echo.epa.gov/detailed-facility-report?fid=110024333960
110024333960,ICIS,600025577,WASTE MANAGEMENT OF TAUNTON,1,600074868,INS,Inspection/Evaluation,01000F340896,Evaluation,CAA,110,11/20/2007,11/20/2007,EPA,U.S. EPA,TAUNTON LANDFILL & GAS ENERGY RECOVERY,330 EAST BRITANNIA ST,TAUNTON,MA,2780,BRISTOL,1,41.922990000000006,-71.086477,10900040204,4,15.888,1692.34,http://echo.epa.gov/detailed-facility-report?fid=110024333960
110024333960,ICIS,7195249,TAUNTON SANITARY LANDFILL,1,136303,INS,Inspection/Evaluation,01000F29347,Full Evaluation,CAA,110,10/26/2004,10/26/2004,EPA,U.S. EPA,TAUNTON LANDFILL & GAS ENERGY RECOVERY,330 EAST BRITANNIA ST,TAUNTON,MA,2780,BRISTOL,1,41.922990000000006,-71.086477,10900040204,4,15.888,1692.34,http://echo.epa.gov/detailed-facility-report?fid=110024333960
110003458641,ICIS,1800044564,COMPLETE RECYCLING SOLUTIONS LLC,1,1800079824,INS,Inspection/Evaluation,01000F689044,Evaluation,TSCA,6,02/04/2010,02/04/2010,EPA,U.S. EPA,COMPLETE RECYCLING SOLUTIONS,1075 AIRPORT RD,FALL RIVER,MA,2720,BRISTOL,1,41.7472,-71.1121,10900040804,4,7.894,1451.64,http://echo.epa.gov/detailed-facility-report?fid=110003458641
110003458641,ICIS,1800044564,COMPLETE RECYCLING SOLUTIONS LLC,1,3601403157,INS,Inspection/Evaluation,01000F1426340,Evaluation,TSCA,6,04/05/2018,04/05/2018,EPA,U.S. EPA,COMPLETE RECYCLING SOLUTIONS,1075 AIRPORT RD,FALL RIVER,MA,2720,BRISTOL,1,41.7472,-71.1121,10900040804,4,7.894,1451.64,http://echo.epa.gov/detailed-facility-report?fid=110003458641
110006618874,ICIS,600028724,"MILFORD, TOWN OF",1,600053688,INS,Inspection/Evaluation,01000F342108,Evaluation,CWA,311,07/11/2007,07/11/2007,EPA,U.S. EPA,MILFORD WASTEWATER TREATMENT FACILITY,230 SOUTH MAIN STREET (RTE 140),HOPEDALE,MA,1747,WORCESTER,1,42.11925,-71.5078,10900010601,4,13.705,1240.38,http://echo.epa.gov/detailed-facility-report?fid=110006618874
110012171782,ICIS,1000006378,FALLS SCHOOL,1,1000012517,INS,Inspection/Evaluation,01000F496315,AHERA,TSCA,208,07/24/2008,07/24/2008,EPA,State,FALLS SCHOOL,2 JACKSON ST,NORTH ATTLEBORO,MA,2763,BRISTOL,1,41.97183,-71.31405,10900040401,4,13.139000000000001,1744.4,http://echo.epa.gov/detailed-facility-report?fid=110012171782
110001973721,ICIS,600001166,ALBANY INTERNATIONAL COMPANY,1,600001932,INS,Inspection/Evaluation,01000F306407,Evaluation,EPCRA,312,08/24/2006,08/24/2006,EPA,U.S. EPA,ALBANY INTERNATIONAL RESEARCH,777 WEST STREET,MANSFIELD,MA,2048,BRISTOL,1,42.02454,-71.25071,10900040301,4,9.29,990.38,http://echo.epa.gov/detailed-facility-report?fid=110001973721
110000882466,ICIS,8027564,PROFESSIONAL CONTRACT STERILIZATION INCORPORATED,1,171682,INS,Inspection/Evaluation,01000F38275,Non-313,EPCRA,313,03/14/2006,03/14/2006,EPA,U.S. EPA,PROFESSIONAL CONTRACT,40 MYLES STANDISH BOULEVARD,TAUNTON,MA,2780,BRISTOL,1,41.947990000000004,-71.14219,10900040302,4,8.888,775.33,http://echo.epa.gov/detailed-facility-report?fid=110000882466
110001973721,ICIS,600001155,ALBANY INTERNATIONAL COMPANY,1,600001913,INS,Inspection/Evaluation,01000F334781,Evaluation,TSCA,5,08/24/2006,08/24/2006,EPA,U.S. EPA,ALBANY INTERNATIONAL RESEARCH,777 WEST STREET,MANSFIELD,MA,2048,BRISTOL,1,42.02454,-71.25071,10900040301,4,9.29,990.38,http://echo.epa.gov/detailed-facility-report?fid=110001973721
110003411834,ICIS,3600669514,XTREME LUBE EXPRESS INC,1,3601055943,INS,Inspection/Evaluation,01000F1391541,Evaluation,CWA,311,05/24/2017,05/24/2017,EPA,U.S. EPA,XTREME LUBE EXPRESS INC,284 WINTHROP ST,TAUNTON,MA,2780,BRISTOL,1,41.88913,-71.11998,10900040302,4,16.669,1556.92,http://echo.epa.gov/detailed-facility-report?fid=110003411834
110038259899,ICIS,3600002260,ROLF C. HAGEN CORP,1,3600004523,INS,Inspection/Evaluation,01000F1265036,Evaluation,FIFRA,9,10/24/2014,10/24/2014,EPA,U.S. EPA,ROLF C. HAGEN CORP,305 FORBES RD,MANSFIELD,MA,2048,BRISTOL,1,42.02446,-71.24202,10900040301,4,,,http://echo.epa.gov/detailed-facility-report?fid=110038259899
110033198732,ICIS,600038869,WASTE MANAGEMENT INC,1,600077850,INS,Inspection/Evaluation,01000F356073,Evaluation,CAA,110,12/05/2007,12/05/2007,EPA,U.S. EPA,"WASTE MANAGEMENT, INC",575 WEST STREET,MANSFIELD,MA,2048,BRISTOL,1,42.02523,-71.24401999999999,10900040301,4,9.346,997.99,http://echo.epa.gov/detailed-facility-report?fid=110033198732
110018857398,ICIS,8028421,WESTERBEKE CORP,1,173416,INS,Inspection/Evaluation,01000F43944,Non-313,EPCRA,302,04/04/2006,04/04/2006,EPA,U.S. EPA,WESTERBEKE CORP,150 JOHN HANCOCK RD,TAUNTON,MA,2780,BRISTOL,1,41.946659999999994,-71.13795,10900040302,4,9.314,804.75,http://echo.epa.gov/detailed-facility-report?fid=110018857398
110056396369,ICIS,3400060729,MICHAEL J CONNELLY & SONS,1,3400187082,INS,Inspection/Evaluation,01000F1156258,Evaluation,CAA,110,11/25/2013,11/25/2013,EPA,U.S. EPA,MICHAEL J. CONNELLY & SONS,240 FRANCIS AVENUE,MANSFIELD,MA,2048,BRISTOL,1,42.040161,-71.211792,10900040801,4,10.692,1139.66,http://echo.epa.gov/detailed-facility-report?fid=110056396369
110056396369,ICIS,3400060729,MICHAEL J CONNELLY & SONS,1,3400187084,INS,Inspection/Evaluation,01000F1156259,Evaluation,CAA,110,12/05/2013,12/05/2013,EPA,U.S. EPA,MICHAEL J. CONNELLY & SONS,240 FRANCIS AVENUE,MANSFIELD,MA,2048,BRISTOL,1,42.040161,-71.211792,10900040801,4,10.692,1139.66,http://echo.epa.gov/detailed-facility-report?fid=110056396369
110042258268,RCRAINFO,MAD981071418,WELLESLEY COLLEGE,1,100603,INS,Inspection/Evaluation,01000F13122,Evaluation,RCRA,3007A,05/20/2003,05/20/2003,EPA,U.S. EPA,WELLESLEY COLLEGE,106 CENTRAL ST,WELLESLEY,MA,2481,NORFOLK,1,42.29593,-71.29893,10900010701,4,14.251,2006.79,http://echo.epa.gov/detailed-facility-report?fid=110042258268
110001942499,ICIS,7426329,QUEBECOR WORLD RETAIL PRINTING CORPORATION,1,152125,INS,Inspection/Evaluation,01000F38837,Evaluation (IU),CWA,308[A][B],07/12/2005,07/12/2005,EPA,U.S. EPA,QUAD GRAPHICS TAUNTON RETAIL,50 JOHN HANCOCK ROAD,TAUNTON,MA,2780,BRISTOL,1,41.905,-71.1026,10900040801,4,16.741,1679.54,http://echo.epa.gov/detailed-facility-report?fid=110001942499
110055645583,ICIS,3400045088,NORTH ATTLEBORO HIGH SCHOOL,1,3400144816,INS,Inspection/Evaluation,01000F1218094,AHERA,TSCA,203,05/23/2013,05/23/2013,EPA,State,NORTH ATTLEBORO HIGH SCHOOL,1 WILSON WHITTY WAY,NORTH ATTLEBORO,MA,2760,BRISTOL,1,41.9836,-71.30939000000001,10900040401,4,9.595,1520.0,http://echo.epa.gov/detailed-facility-report?fid=110055645583
110015773368,ICIS,5415280,TAUNTON DEVELOPMENT CORPORATION,1,100642,INS,Inspection/Evaluation,01000F14339,Evaluation,CWA,404,07/31/2003,07/31/2003,EPA,U.S. EPA,TAUNTON DEVELOPMENT CORPORATION,12 TAUNTON GREEN,TAUNTON,MA,2780,BRISTOL,1,41.90238,-71.09303,10900040801,4,,,http://echo.epa.gov/detailed-facility-report?fid=110015773368
110000309577,ICIS,6357406,PHOTOFABRICATION ENGINEERING INCORPORATED,1,111712,INS,Inspection/Evaluation,01000F20117,Non-Sampling,CWA,308[A][B],02/12/2004,02/12/2004,EPA,U.S. EPA,PHOTOFABRICATION ENGINEERING PHOTOCHEMICAL MACHINING PLANT,500 FORTUNE BLVD.,MILFORD,MA,1757,WORCESTER,1,42.153638,-71.489853,10900010601,4,15.398,1299.72,http://echo.epa.gov/detailed-facility-report?fid=110000309577
110000309577,ICIS,6357406,PHOTOFABRICATION ENGINEERING INCORPORATED,1,111713,INS,Inspection/Evaluation,01000F20118,Evaluation,CWA,308[A][B],02/12/2004,02/12/2004,EPA,U.S. EPA,PHOTOFABRICATION ENGINEERING PHOTOCHEMICAL MACHINING PLANT,500 FORTUNE BLVD.,MILFORD,MA,1757,WORCESTER,1,42.153638,-71.489853,10900010601,4,15.398,1299.72,http://echo.epa.gov/detailed-facility-report?fid=110000309577
110000309577,ICIS,6357406,PHOTOFABRICATION ENGINEERING INCORPORATED,1,1800026959,INS,Inspection/Evaluation,01000F680971,Evaluation (IU),CWA,308[A][B],09/23/2009,09/23/2009,EPA,U.S. EPA,PHOTOFABRICATION ENGINEERING PHOTOCHEMICAL MACHINING PLANT,500 FORTUNE BLVD.,MILFORD,MA,1757,WORCESTER,1,42.153638,-71.489853,10900010601,4,15.398,1299.72,http://echo.epa.gov/detailed-facility-report?fid=110000309577
110000309577,ICIS,6357406,PHOTOFABRICATION ENGINEERING INCORPORATED,1,3601331897,INS,Inspection/Evaluation,01000F1419520,Evaluation (IU),CWA,308[A][B],09/21/2017,09/22/2017,EPA,U.S. EPA,PHOTOFABRICATION ENGINEERING PHOTOCHEMICAL MACHINING PLANT,500 FORTUNE BLVD.,MILFORD,MA,1757,WORCESTER,1,42.153638,-71.489853,10900010601,4,15.398,1299.72,http://echo.epa.gov/detailed-facility-report?fid=110000309577
110000309577,ICIS,6357406,PHOTOFABRICATION ENGINEERING INCORPORATED,1,3601183061,INS,Inspection/Evaluation,01000F1406179,Sampling (IU),CWA,308[A][B],09/21/2017,09/22/2017,EPA,U.S. EPA,PHOTOFABRICATION ENGINEERING PHOTOCHEMICAL MACHINING PLANT,500 FORTUNE BLVD.,MILFORD,MA,1757,WORCESTER,1,42.153638,-71.489853,10900010601,4,15.398,1299.72,http://echo.epa.gov/detailed-facility-report?fid=110000309577
110000732654,ICIS,200001744,TAUNTON WASTE WATER TREATMENT PLANT,1,200002988,INS,Inspection/Evaluation,01000F154391,Evaluation,CWA,311,06/07/2006,06/07/2006,EPA,U.S. EPA,TAUNTON WASTEWATER TREATMENT FACILITY,825 WEST WATER STREET,TAUNTON,MA,2780,BRISTOL,1,41.87435,-71.09723000000001,10900040804,4,17.333,1410.34,http://echo.epa.gov/detailed-facility-report?fid=110000732654
110000732654,ICIS,200001744,TAUNTON WASTE WATER TREATMENT PLANT,1,1000003462,INS,Inspection/Evaluation,01000F500261,Evaluation,CWA,311,05/22/2008,05/22/2008,EPA,U.S. EPA,TAUNTON WASTEWATER TREATMENT FACILITY,825 WEST WATER STREET,TAUNTON,MA,2780,BRISTOL,1,41.87435,-71.09723000000001,10900040804,4,17.333,1410.34,http://echo.epa.gov/detailed-facility-report?fid=110000732654
110001944353,ICIS,2200002460,MILFORD POWER LIMITED PARTNERSHIP,1,2200004720,INS,Inspection/Evaluation,01000F722921,Evaluation,CWA,311,09/01/2010,09/01/2010,EPA,U.S. EPA,MILFORD POWER PLANT,108 NATIONAL ST,MILFORD,MA,1757,WORCESTER,1,42.128147999999996,-71.514298,10900010601,4,14.475,1383.85,http://echo.epa.gov/detailed-facility-report?fid=110001944353
110001944353,ICIS,1947618,AMERICAN NATIONAL POWER MILFORD,1,88477,INS,Inspection/Evaluation,01000F12098,Non-Financial Record Review,CAA,112R,10/08/2002,10/08/2002,EPA,U.S. EPA,MILFORD POWER PLANT,108 NATIONAL ST,MILFORD,MA,1757,WORCESTER,1,42.128147999999996,-71.514298,10900010601,4,14.475,1383.85,http://echo.epa.gov/detailed-facility-report?fid=110001944353
110001944353,ICIS,1947618,AMERICAN NATIONAL POWER MILFORD,1,101165,INS,Inspection/Evaluation,01000F15311,Non-313,EPCRA,N-313,10/02/2002,10/02/2002,EPA,U.S. EPA,MILFORD POWER PLANT,108 NATIONAL ST,MILFORD,MA,1757,WORCESTER,1,42.128147999999996,-71.514298,10900010601,4,14.475,1383.85,http://echo.epa.gov/detailed-facility-report?fid=110001944353
110001944353,ICIS,600042539,MILFORD POWER,1,600083717,INS,Inspection/Evaluation,01000F346302,Evaluation (IU),CWA,308[A][B],02/20/2008,02/20/2008,EPA,U.S. EPA,MILFORD POWER PLANT,108 NATIONAL ST,MILFORD,MA,1757,WORCESTER,1,42.128147999999996,-71.514298,10900010601,4,14.475,1383.85,http://echo.epa.gov/detailed-facility-report?fid=110001944353
110001944353,ICIS,600042539,MILFORD POWER,1,3601331916,INS,Inspection/Evaluation,01000F1419526,Evaluation (IU),CWA,308[A][B],09/20/2017,09/21/2017,EPA,U.S. EPA,MILFORD POWER PLANT,108 NATIONAL ST,MILFORD,MA,1757,WORCESTER,1,42.128147999999996,-71.514298,10900010601,4,14.475,1383.85,http://echo.epa.gov/detailed-facility-report?fid=110001944353
110001944353,ICIS,600042539,MILFORD POWER,1,3601183063,INS,Inspection/Evaluation,01000F1406181,Sampling (IU),CWA,308[A][B],09/20/2017,09/21/2017,EPA,U.S. EPA,MILFORD POWER PLANT,108 NATIONAL ST,MILFORD,MA,1757,WORCESTER,1,42.128147999999996,-71.514298,10900010601,4,14.475,1383.85,http://echo.epa.gov/detailed-facility-report?fid=110001944353
110000310645,RCRAINFO,MAD053451019,CAMGER COATINGS SYSTEMS,1,3400093842,INS,Inspection/Evaluation,01000F1192748,Evaluation,RCRA,3002,04/04/2012,04/04/2012,EPA,U.S. EPA,CAMGER COATINGS SYSTEMS,364 MAIN ST.,NORFOLK,MA,2056,NORFOLK,1,42.10951,-71.36209000000001,10900010602,4,7.529,1129.33,http://echo.epa.gov/detailed-facility-report?fid=110000310645
110000310645,RCRAINFO,MAD053451019,CAMGER COATINGS SYSTEMS,1,3400160942,INS,Inspection/Evaluation,01000F1158564,Evaluation,RCRA,3002,04/04/2013,04/04/2013,EPA,U.S. EPA,CAMGER COATINGS SYSTEMS,364 MAIN ST.,NORFOLK,MA,2056,NORFOLK,1,42.10951,-71.36209000000001,10900010602,4,7.529,1129.33,http://echo.epa.gov/detailed-facility-report?fid=110000310645
110000878596,ICIS,7424014,NORTH ATTLEBOROUGH WASTEWATER TREATMENT FACILITY,1,147391,INS,Inspection/Evaluation,01000F40274,Evaluation,CAA,112[R][7],06/08/2005,06/08/2005,EPA,U.S. EPA,NORTH ATTLEBOROUGH WASTEWATER TREATMENT FACILITY,65 CEDAR ROAD,NORTH ATTLEBORO,MA,2763,BRISTOL,1,41.960640000000005,-71.30625,10900040401,4,14.155,1796.94,http://echo.epa.gov/detailed-facility-report?fid=110000878596
110000878596,ICIS,600026873,NORTH ATTLEBOROUGH WASTEWATER TREATMENT FACILITY,1,600050138,INS,Inspection/Evaluation,01000F339507,Evaluation,CWA,311,06/27/2007,06/27/2007,EPA,U.S. EPA,NORTH ATTLEBOROUGH WASTEWATER TREATMENT FACILITY,65 CEDAR ROAD,NORTH ATTLEBORO,MA,2763,BRISTOL,1,41.960640000000005,-71.30625,10900040401,4,14.155,1796.94,http://echo.epa.gov/detailed-facility-report?fid=110000878596
110003370548,ICIS,3400007585,SWEET METAL FINISHING INC,1,3400032323,INS,Inspection/Evaluation,01000F1215627,Evaluation (IU),CWA,308[A][B],12/19/2012,12/19/2012,EPA,U.S. EPA,SWEET METAL FINISHING,28 JOHN WILLIAM ST,ATTLEBORO,MA,2703,BRISTOL,1,41.93393,-71.29229000000001,10900040401,4,15.685,1453.31,http://echo.epa.gov/detailed-facility-report?fid=110003370548
110003370548,ICIS,3400007588,SWEET METAL FINISHING INC,1,3400032327,INS,Inspection/Evaluation,01000F1215628,Evaluation,CWA,311,12/19/2012,12/19/2012,EPA,U.S. EPA,SWEET METAL FINISHING,28 JOHN WILLIAM ST,ATTLEBORO,MA,2703,BRISTOL,1,41.93393,-71.29229000000001,10900040401,4,15.685,1453.31,http://echo.epa.gov/detailed-facility-report?fid=110003370548
110044278064,ICIS,600042574,BISHOP FEEHAN HIGH SCHOOL,1,600083852,INS,Inspection/Evaluation,01000F348074,AHERA,TSCA,203,02/19/2008,02/19/2008,EPA,State,BISHOP FEEHAN HIGH SCHOOL,70 HOLCOTT DR,ATTLEBORO,MA,2703,BRISTOL,1,41.965995,-71.292797,10900040401,4,13.685,1823.69,http://echo.epa.gov/detailed-facility-report?fid=110044278064
110000309586,ICIS,11644,ARCHER RUBBER COMPANY,1,90763,INS,Inspection/Evaluation,01000F6747,Evaluation,CAA,114,11/26/2002,11/26/2002,EPA,U.S. EPA,TRELLEBORG COATING SYSTEMS ARCHER RUBBER,213 CENTRAL ST,MILFORD,MA,1757,WORCESTER,1,42.139179999999996,-71.51227,10900010601,4,14.559000000000001,1364.07,http://echo.epa.gov/detailed-facility-report?fid=110000309586
110006816794,ICIS,1800006985,"EIKOS, INC.",1,1800017832,INS,Inspection/Evaluation,HQ000F668011,Premanufacture Notice; Studies; Export; Inventory Rule; Import,TSCA,12,08/27/2009,08/27/2009,EPA,U.S. EPA,EIKOS INC,2 MASTER DRIVE,FRANKLIN,MA,2038,NORFOLK,1,42.08429,-71.41318000000001,10900010601,4,8.501,1072.85,http://echo.epa.gov/detailed-facility-report?fid=110006816794
110006816794,ICIS,1800006851,EIKOS INC,1,1800017474,INS,Inspection/Evaluation,01000F670088,Evaluation,TSCA,5,08/27/2009,08/27/2009,EPA,U.S. EPA,EIKOS INC,2 MASTER DRIVE,FRANKLIN,MA,2038,NORFOLK,1,42.08429,-71.41318000000001,10900010601,4,8.501,1072.85,http://echo.epa.gov/detailed-facility-report?fid=110006816794
110000762657,ICIS,8028453,AMERICAN LIGHTING FIXTURE CORPORATION,1,173532,INS,Inspection/Evaluation,01000F43862,Non-313,EPCRA,302,04/04/2006,04/04/2006,EPA,U.S. EPA,AMERICAN LIGHT FIXTURE,645 MYLES STANDISH BLVD.,TAUNTON,MA,2780,BRISTOL,1,41.96013,-71.12892,10900040801,4,8.823,641.68,http://echo.epa.gov/detailed-facility-report?fid=110000762657
110000310486,ICIS,6357895,FPL ENERGY OSI,1,112579,INS,Inspection/Evaluation,01000F16760,Evaluation,CWA,311,08/14/2003,08/14/2003,EPA,U.S. EPA,BELLINGHAM COGENERATION FACILITY,92 DEPOT ST,BELLINGHAM,MA,2019,NORFOLK,1,42.093255,-71.48161,10900010601,4,7.682,662.91,http://echo.epa.gov/detailed-facility-report?fid=110000310486
110000795612,RCRAINFO,MAD084814136,EQ NORTHEAST INC,1,97131,INS,Inspection/Evaluation,01000F16348,Evaluation,RCRA,3007A,05/14/2003,05/14/2003,EPA,U.S. EPA,EQ NORTHEAST INC,185 INDUSTRIAL ROAD,WRENTHAM,MA,2093,NORFOLK,1,42.077009999999994,-71.36033,10900010602,4,7.02,1023.51,http://echo.epa.gov/detailed-facility-report?fid=110000795612
110000310486,ICIS,6357883,TRACTEBEL POWER INCORPORATED CO2 RECOVERY FACILITY,1,112571,INS,Inspection/Evaluation,01000F27219,Evaluation,CWA,311,09/10/2003,09/10/2003,EPA,U.S. EPA,BELLINGHAM COGENERATION FACILITY,92 DEPOT ST,BELLINGHAM,MA,2019,NORFOLK,1,42.093255,-71.48161,10900010601,4,7.682,662.91,http://echo.epa.gov/detailed-facility-report?fid=110000310486
110000310486,ICIS,2600006095,NORTHEAST ENERGY ASSOCIATES - BELLINGHAM FACILITY,1,2600012547,INS,Inspection/Evaluation,01000F856518,Evaluation,CWA,311,12/10/2010,12/10/2010,EPA,U.S. EPA,BELLINGHAM COGENERATION FACILITY,92 DEPOT ST,BELLINGHAM,MA,2019,NORFOLK,1,42.093255,-71.48161,10900010601,4,7.682,662.91,http://echo.epa.gov/detailed-facility-report?fid=110000310486
110000310486,ICIS,2600006095,NORTHEAST ENERGY ASSOCIATES - BELLINGHAM FACILITY,1,3000020292,INS,Inspection/Evaluation,01000F913515,Evaluation,CWA,311,04/18/2012,04/18/2012,EPA,U.S. EPA,BELLINGHAM COGENERATION FACILITY,92 DEPOT ST,BELLINGHAM,MA,2019,NORFOLK,1,42.093255,-71.48161,10900010601,4,7.682,662.91,http://echo.epa.gov/detailed-facility-report?fid=110000310486
110000310486,OIL,R1-MA-00027,BELLINGHAM COGENERATION FACILITY,1,3600711990,INS,Inspection/Evaluation,01000FOIL0000000000000155,Evaluation,CWA,311,04/26/2016,04/26/2016,EPA,U.S. EPA,BELLINGHAM COGENERATION FACILITY,92 DEPOT ST,BELLINGHAM,MA,2019,NORFOLK,1,42.093255,-71.48161,10900010601,4,7.682,662.91,http://echo.epa.gov/detailed-facility-report?fid=110000310486
110000310486,OIL,R1-MA-00027,BELLINGHAM COGENERATION FACILITY,1,3600711979,INS,Inspection/Evaluation,01000FOIL0000000000000154,Evaluation,CWA,311,04/26/2016,04/26/2016,EPA,U.S. EPA,BELLINGHAM COGENERATION FACILITY,92 DEPOT ST,BELLINGHAM,MA,2019,NORFOLK,1,42.093255,-71.48161,10900010601,4,7.682,662.91,http://echo.epa.gov/detailed-facility-report?fid=110000310486
110000846835,RCRAINFO,MAD985268556,GENERAL DYNAMICS C4 SYSTEMS,1,2200010946,INS,Inspection/Evaluation,01000F728917,Evaluation,RCRA,3002,09/16/2010,09/16/2010,EPA,U.S. EPA,GENERAL DYNAMICS C4 SYSTEMS,400 JOHN QUINCY ADAMS ROAD,TAUNTON,MA,2780,BRISTOL,1,41.95102,-71.12929,10900040302,4,9.321,764.27,http://echo.epa.gov/detailed-facility-report?fid=110000846835
110000310574,ICIS,3600744666,FRANKLIN PAINT CO,1,3601128689,INS,Inspection/Evaluation,01000F1398689,Data Quality,EPCRA,313,07/20/2017,07/20/2017,EPA,U.S. EPA,FRANKLIN PAINT CO,259 COTTAGE ST.,FRANKLIN,MA,2038,NORFOLK,1,42.075833,-71.406089,10900010601,4,8.335,1017.33,http://echo.epa.gov/detailed-facility-report?fid=110000310574
110024377618,ICIS,3400036066,TWEAVE LLC,1,3400120789,INS,Inspection/Evaluation,01000F1211741,Evaluation,EPCRA,313,05/31/2013,05/31/2013,EPA,U.S. EPA,TWEAVE STRETCH WOVEN FABRICS,138 BARROWS ST,NORTON,MA,2766,BRISTOL,1,41.946176,-71.201622,10900040301,4,7.477,693.2,http://echo.epa.gov/detailed-facility-report?fid=110024377618
110024344306,ICIS,7344992,OCEAN SPRAY CRANBERRIES INC,1,139900,INS,Inspection/Evaluation,01000F32690,Evaluation,CAA,608,01/19/2005,01/19/2005,EPA,U.S. EPA,OCEAN SPRAY CRANBERRIES CORPORATE HQ,1 OCEAN SPRAY DR,LAKEVILLE,MA,2347,PLYMOUTH,1,41.89638,-70.96481,10900040204,4,6.59,548.47,http://echo.epa.gov/detailed-facility-report?fid=110024344306
110043418815,ICIS,3400034821,ROBERTS CHEMICAL,1,3400117825,INS,Inspection/Evaluation,01000F1216164,Evaluation,EPCRA,302,05/21/2013,05/21/2013,EPA,U.S. EPA,ROBERTS CHEMICAL CO INC,330B VICTOR RD,ATTLEBORO,MA,2703,BRISTOL,1,41.904074,-71.31342,10900040401,4,17.141,1805.42,http://echo.epa.gov/detailed-facility-report?fid=110043418815
110043418815,ICIS,3400034821,ROBERTS CHEMICAL,1,3602106725,INS,Inspection/Evaluation,01000F1499368,Evaluation,EPCRA,302,11/21/2019,11/21/2019,EPA,U.S. EPA,ROBERTS CHEMICAL CO INC,330B VICTOR RD,ATTLEBORO,MA,2703,BRISTOL,1,41.904074,-71.31342,10900040401,4,17.141,1805.42,http://echo.epa.gov/detailed-facility-report?fid=110043418815
110043418815,RCRAINFO,MAC300015252,ROBERTS CHEMICAL CO INC,1,3400166498,INS,Inspection/Evaluation,01000F1214170,Evaluation,RCRA,3002,05/21/2013,05/21/2013,EPA,U.S. EPA,ROBERTS CHEMICAL CO INC,330B VICTOR RD,ATTLEBORO,MA,2703,BRISTOL,1,41.904074,-71.31342,10900040401,4,17.141,1805.42,http://echo.epa.gov/detailed-facility-report?fid=110043418815
110043418815,ICIS,3400034822,ROBERTS CHEMICAL,1,3400117830,INS,Inspection/Evaluation,01000F1237314,Evaluation,CAA,112[R][7],05/21/2013,05/21/2013,EPA,U.S. EPA,ROBERTS CHEMICAL CO INC,330B VICTOR RD,ATTLEBORO,MA,2703,BRISTOL,1,41.904074,-71.31342,10900040401,4,17.141,1805.42,http://echo.epa.gov/detailed-facility-report?fid=110043418815
110043418815,ICIS,3400034822,ROBERTS CHEMICAL,1,3602106727,INS,Inspection/Evaluation,01000F1499369,112(r)(7) Inspection; 112(r)(1) Inspection,CAA,112[R][1],11/21/2019,11/21/2019,EPA,U.S. EPA,ROBERTS CHEMICAL CO INC,330B VICTOR RD,ATTLEBORO,MA,2703,BRISTOL,1,41.904074,-71.31342,10900040401,4,17.141,1805.42,http://echo.epa.gov/detailed-facility-report?fid=110043418815
110003466348,ICIS,1960134,MILLER STUART ASSOC ESCO TOOL,1,92427,INS,Inspection/Evaluation,01000F7191,Non-Sampling,CWA,308[A][B],02/13/2003,02/13/2003,EPA,U.S. EPA,ESCO TECHNOLOGIES INC,50 PARK ST,MEDFIELD,MA,2052,NORFOLK,1,42.18379,-71.30498,10900010604,4,6.6370000000000005,734.48,http://echo.epa.gov/detailed-facility-report?fid=110003466348
110001937771,ICIS,2600000934,PRECISE PACKAGING INC,1,3400113210,INS,Inspection/Evaluation,01000F1150566,Evaluation,EPCRA,302,04/01/2013,04/01/2013,EPA,U.S. EPA,PRECISE PACKAGING,300 RIGGENBACH ROAD,FALL RIVER,MA,2720,BRISTOL,1,41.739674,-71.106493,10900040803,4,8.581,1424.2,http://echo.epa.gov/detailed-facility-report?fid=110001937771
110001937771,ICIS,3400023345,PRECISE PACKAGING LLC,1,3400091485,INS,Inspection/Evaluation,01000F1207548,Evaluation,EPCRA,313,04/01/2013,04/01/2013,EPA,U.S. EPA,PRECISE PACKAGING,300 RIGGENBACH ROAD,FALL RIVER,MA,2720,BRISTOL,1,41.739674,-71.106493,10900040803,4,8.581,1424.2,http://echo.epa.gov/detailed-facility-report?fid=110001937771
110001937771,ICIS,3400023343,PRECISE PACKAGING LLC,1,3400091479,INS,Inspection/Evaluation,01000F1157287,Evaluation,CAA,112[R][7],04/01/2013,04/01/2013,EPA,U.S. EPA,PRECISE PACKAGING,300 RIGGENBACH ROAD,FALL RIVER,MA,2720,BRISTOL,1,41.739674,-71.106493,10900040803,4,8.581,1424.2,http://echo.epa.gov/detailed-facility-report?fid=110001937771
110001937771,ICIS,3400023343,PRECISE PACKAGING LLC,1,3400188301,INS,Inspection/Evaluation,01000F1205457,Case Development,CAA,112[R][7],11/26/2013,11/26/2013,EPA,U.S. EPA,PRECISE PACKAGING,300 RIGGENBACH ROAD,FALL RIVER,MA,2720,BRISTOL,1,41.739674,-71.106493,10900040803,4,8.581,1424.2,http://echo.epa.gov/detailed-facility-report?fid=110001937771
110007369533,ICIS,3000002438,DIGHTON-REHOBOTH RHS,1,3000004570,INS,Inspection/Evaluation,01000F909534,AHERA,TSCA,203,03/14/2012,03/14/2012,EPA,U.S. EPA,DIGHTON REHOBOTH REGIONAL HIGH SCHOOL,2700 REGIONAL ROAD,DIGHTON,MA,2764,BRISTOL,1,41.85159,-71.19655,10900040701,4,4.761,246.61,http://echo.epa.gov/detailed-facility-report?fid=110007369533
110024360458,ICIS,2200010863,INTERNATIONAL POWER'S BELLINGHAM ENERGY CONPANY,1,2200021024,INS,Inspection/Evaluation,01000F725780,Evaluation,CWA,311,09/28/2010,09/28/2010,EPA,U.S. EPA,ANP BELLINGHAM POWER PLANT,155 MAPLE ST,BELLINGHAM,MA,2019,NORFOLK,1,42.109971,-71.452954,10900010601,4,8.291,929.55,http://echo.epa.gov/detailed-facility-report?fid=110024360458
110024360458,ICIS,2200010863,INTERNATIONAL POWER'S BELLINGHAM ENERGY CONPANY,1,3600117392,INS,Inspection/Evaluation,01000F1287834,Evaluation,CWA,311,03/10/2015,03/10/2015,EPA,U.S. EPA,ANP BELLINGHAM POWER PLANT,155 MAPLE ST,BELLINGHAM,MA,2019,NORFOLK,1,42.109971,-71.452954,10900010601,4,8.291,929.55,http://echo.epa.gov/detailed-facility-report?fid=110024360458
110024363222,ICIS,600011716,SHARON MIDDLE SCHOOL,1,600020583,INS,Inspection/Evaluation,01000F358402,AHERA,TSCA,203,11/22/2006,11/22/2006,EPA,State,SHARON MIDDLE SCHOOL,75 MOUNTAIN ST,SHARON,MA,2067,NORFOLK,1,42.10764,-71.16431999999999,10900010802,4,17.859,1030.01,http://echo.epa.gov/detailed-facility-report?fid=110024363222
110017619424,ICIS,600015200,STOP & SHOP SUPERMARKET CO,1,600027819,INS,Inspection/Evaluation,01000F348591,Evaluation,CAA,112[R][7],11/16/2006,11/16/2006,EPA,U.S. EPA,STOP & SHOP SUPERMARKET DISTRIBUTION CENTER,136 SOUTH MAIN STREET,FREETOWN,MA,2702,BRISTOL,1,41.780998,-71.095001,10900040804,4,6.184,619.56,http://echo.epa.gov/detailed-facility-report?fid=110017619424
110001949651,ICIS,2200017973,DYS - HOWLAND BLDG - TAUNTON STATE HOSPITAL,1,2200040203,INS,Inspection/Evaluation,01000F737822,AHERA,TSCA,203,07/01/2009,07/01/2009,EPA,State,TAUNTON STATE HOSPITAL,60 HODGES AVE.,TAUNTON,MA,2780,BRISTOL,1,41.9053,-71.10118,10900040801,4,16.744,1673.81,http://echo.epa.gov/detailed-facility-report?fid=110001949651
110045459865,ICIS,2600046212,"COLD STORAGE SOLUTIONS II, INC",1,2600102726,INS,Inspection/Evaluation,01000F894150,Evaluation,EPCRA,302,02/13/2012,02/13/2012,EPA,U.S. EPA,"COLD STORAGE SOLUTIONS II, INC",220 KENNETH WELCH DRIVE,LAKEVILLE,MA,2347,PLYMOUTH,1,41.88165,-70.93945,10900040204,4,,,http://echo.epa.gov/detailed-facility-report?fid=110045459865
110045459865,ICIS,2600046213,"COLD STORAGE SOLUTIONS II, INC",1,2600102769,INS,Inspection/Evaluation,01000F894417,Case Development,CAA,112[R][1],02/13/2012,02/13/2012,EPA,U.S. EPA,"COLD STORAGE SOLUTIONS II, INC",220 KENNETH WELCH DRIVE,LAKEVILLE,MA,2347,PLYMOUTH,1,41.88165,-70.93945,10900040204,4,,,http://echo.epa.gov/detailed-facility-report?fid=110045459865
110024315436,ICIS,1400020863,MEDWAY OIL,1,1400044129,INS,Inspection/Evaluation,01000F585154,Evaluation,CWA,311,04/28/2009,04/28/2009,EPA,U.S. EPA,MEDWAY OIL,37 BROAD ST,MEDWAY,MA,2053,NORFOLK,1,42.14377,-71.39806999999999,10900010602,4,7.035,1051.7,http://echo.epa.gov/detailed-facility-report?fid=110024315436
110002018110,ICIS,200000622,BROOKS AUTOMATION,1,200002169,INS,Inspection/Evaluation,01000F155203,Non-313,EPCRA,304,06/22/2006,06/22/2006,EPA,U.S. EPA,CTI-CRYOGENICS DIV BROOKS AUTOMATION,9 HAMPSHIRE STREET,MANSFIELD,MA,2048,BRISTOL,1,42.02618,-71.24882,10900040301,4,9.435,994.03,http://echo.epa.gov/detailed-facility-report?fid=110002018110
110002018110,ICIS,200000622,BROOKS AUTOMATION,1,200002145,INS,Inspection/Evaluation,01000F154421,Evaluation,TSCA,5,06/22/2006,06/22/2006,EPA,U.S. EPA,CTI-CRYOGENICS DIV BROOKS AUTOMATION,9 HAMPSHIRE STREET,MANSFIELD,MA,2048,BRISTOL,1,42.02618,-71.24882,10900040301,4,9.435,994.03,http://echo.epa.gov/detailed-facility-report?fid=110002018110
110001937940,RCRAINFO,MAR000008151,NU-CHROME,1,600060924,INS,Inspection/Evaluation,01000F348650,Evaluation,RCRA,3002,10/30/2006,10/30/2006,EPA,U.S. EPA,NU-CHROME,161 GRAHAM RD,FALL RIVER,MA,2720,BRISTOL,1,41.74435,-71.10736,10900040803,4,8.075,1364.82,http://echo.epa.gov/detailed-facility-report?fid=110001937940
110001937940,RCRAINFO,MAR000008151,NU-CHROME,1,600092010,INS,Inspection/Evaluation,01000F354768,Follow-Up,RCRA,3002,03/16/2008,03/16/2008,EPA,U.S. EPA,NU-CHROME,161 GRAHAM RD,FALL RIVER,MA,2720,BRISTOL,1,41.74435,-71.10736,10900040803,4,8.075,1364.82,http://echo.epa.gov/detailed-facility-report?fid=110001937940
110001937940,RCRAINFO,MAR000008151,NU-CHROME,1,1400009228,INS,Inspection/Evaluation,01000F594476,Follow-Up,RCRA,3002,06/24/2008,06/24/2008,EPA,U.S. EPA,NU-CHROME,161 GRAHAM RD,FALL RIVER,MA,2720,BRISTOL,1,41.74435,-71.10736,10900040803,4,8.075,1364.82,http://echo.epa.gov/detailed-facility-report?fid=110001937940
110001937940,RCRAINFO,MAR000008151,NU-CHROME,1,1400009192,INS,Inspection/Evaluation,01000F581194,Follow-Up,RCRA,3002,03/06/2008,03/06/2008,EPA,U.S. EPA,NU-CHROME,161 GRAHAM RD,FALL RIVER,MA,2720,BRISTOL,1,41.74435,-71.10736,10900040803,4,8.075,1364.82,http://echo.epa.gov/detailed-facility-report?fid=110001937940
110001937940,RCRAINFO,MAR000008151,NU-CHROME,1,1400038821,INS,Inspection/Evaluation,01000F595315,Sampling,RCRA,3002,03/31/2009,03/31/2009,EPA,U.S. EPA,NU-CHROME,161 GRAHAM RD,FALL RIVER,MA,2720,BRISTOL,1,41.74435,-71.10736,10900040803,4,8.075,1364.82,http://echo.epa.gov/detailed-facility-report?fid=110001937940
110001937940,RCRAINFO,MAR000008151,NU-CHROME,1,1800034668,INS,Inspection/Evaluation,01000F677655,Follow-Up,RCRA,3002,02/12/2009,02/12/2009,EPA,U.S. EPA,NU-CHROME,161 GRAHAM RD,FALL RIVER,MA,2720,BRISTOL,1,41.74435,-71.10736,10900040803,4,8.075,1364.82,http://echo.epa.gov/detailed-facility-report?fid=110001937940
110001937940,RCRAINFO,MAR000008151,NU-CHROME,1,1800115363,INS,Inspection/Evaluation,01000F701445,Follow-Up,RCRA,3002,06/17/2010,06/17/2010,EPA,U.S. EPA,NU-CHROME,161 GRAHAM RD,FALL RIVER,MA,2720,BRISTOL,1,41.74435,-71.10736,10900040803,4,8.075,1364.82,http://echo.epa.gov/detailed-facility-report?fid=110001937940
110001937940,RCRAINFO,MAR000008151,NU-CHROME,1,2200015017,INS,Inspection/Evaluation,01000F729583,Sampling,RCRA,3002,07/27/2010,07/27/2010,EPA,U.S. EPA,NU-CHROME,161 GRAHAM RD,FALL RIVER,MA,2720,BRISTOL,1,41.74435,-71.10736,10900040803,4,8.075,1364.82,http://echo.epa.gov/detailed-facility-report?fid=110001937940
110000882368,ICIS,3600048301,PHARMASOL CORPORATION,1,3600147844,INS,Inspection/Evaluation,01000F1296003,Evaluation,EPCRA,302,05/27/2015,05/27/2015,EPA,U.S. EPA,PHARMASOL CONTRACT DEVELOPMENT & MANUFACTURING,1 NORFOLK AVE,SOUTH EASTON,MA,2375,BRISTOL,1,42.050641,-71.07300000000001,10900040103,4,31.595,1562.18,http://echo.epa.gov/detailed-facility-report?fid=110000882368
110000882368,ICIS,2200015614,PHARMASOL CORP,1,2200034812,INS,Inspection/Evaluation,01000F735269,Evaluation,EPCRA,302,12/14/2010,12/14/2010,EPA,U.S. EPA,PHARMASOL CONTRACT DEVELOPMENT & MANUFACTURING,1 NORFOLK AVE,SOUTH EASTON,MA,2375,BRISTOL,1,42.050641,-71.07300000000001,10900040103,4,31.595,1562.18,http://echo.epa.gov/detailed-facility-report?fid=110000882368
110000882368,ICIS,2200015616,PHARMASOL CORP,1,2600059762,INS,Inspection/Evaluation,01000F882770,Evaluation,FIFRA,8,09/28/2011,09/28/2011,EPA,U.S. EPA,PHARMASOL CONTRACT DEVELOPMENT & MANUFACTURING,1 NORFOLK AVE,SOUTH EASTON,MA,2375,BRISTOL,1,42.050641,-71.07300000000001,10900040103,4,31.595,1562.18,http://echo.epa.gov/detailed-facility-report?fid=110000882368
110000882368,ICIS,2200015616,PHARMASOL CORP,1,2200034815,INS,Inspection/Evaluation,01000F732462,Evaluation,CAA,112[R][7],12/14/2010,12/14/2010,EPA,U.S. EPA,PHARMASOL CONTRACT DEVELOPMENT & MANUFACTURING,1 NORFOLK AVE,SOUTH EASTON,MA,2375,BRISTOL,1,42.050641,-71.07300000000001,10900040103,4,31.595,1562.18,http://echo.epa.gov/detailed-facility-report?fid=110000882368
110000882368,ICIS,3600048300,PHARMASOL CORPORATION,1,3600147838,INS,Inspection/Evaluation,01000F1296002,112(r)(7) Inspection,CAA,112[R][7],05/27/2015,05/27/2015,EPA,U.S. EPA,PHARMASOL CONTRACT DEVELOPMENT & MANUFACTURING,1 NORFOLK AVE,SOUTH EASTON,MA,2375,BRISTOL,1,42.050641,-71.07300000000001,10900040103,4,31.595,1562.18,http://echo.epa.gov/detailed-facility-report?fid=110000882368
110020050718,ICIS,6724762,SUNNYFIELDS FARM,1,136097,INS,Inspection/Evaluation,01000F29120,Evaluation,CWA,308[A][B],10/20/2004,10/20/2004,EPA,U.S. EPA,SUNNYFIELDS FARM,WOOD STREET,SWANSEA,MA,2777,BRISTOL,1,41.764340000000004,-71.20810999999999,10900040905,4,,,http://echo.epa.gov/detailed-facility-report?fid=110020050718
110001973776,ICIS,200000410,TYCO HEALTHCARE GROUP,1,200002217,INS,Inspection/Evaluation,01000F154992,Evaluation,TSCA,5,06/22/2006,06/22/2006,EPA,U.S. EPA,COVIDIEN,15 HAMPSHIRE STREET,MANSFIELD,MA,2048,BRISTOL,1,42.02605,-71.24882,10900040301,4,9.424,993.62,http://echo.epa.gov/detailed-facility-report?fid=110001973776
110001973776,ICIS,200000410,TYCO HEALTHCARE GROUP,1,200002221,INS,Inspection/Evaluation,01000F155244,Non-313,EPCRA,304,06/22/2006,06/22/2006,EPA,U.S. EPA,COVIDIEN,15 HAMPSHIRE STREET,MANSFIELD,MA,2048,BRISTOL,1,42.02605,-71.24882,10900040301,4,9.424,993.62,http://echo.epa.gov/detailed-facility-report?fid=110001973776
110045459883,ICIS,2600046217,"COLD STORAGE SOLUTIONS III, INC",1,2600102779,INS,Inspection/Evaluation,01000F895229,Evaluation,EPCRA,302,02/13/2012,02/13/2012,EPA,U.S. EPA,"COLD STORAGE SOLUTIONS III, INC",234 KENNETH WELCH DRIVE,LAKEVILLE,MA,2347,PLYMOUTH,1,41.883759999999995,-70.941571,10900040204,4,6.44,592.07,http://echo.epa.gov/detailed-facility-report?fid=110045459883
110045459883,ICIS,2600046218,"COLD STORAGE SOLUTIONS III, INC",1,2600102771,INS,Inspection/Evaluation,01000F894419,Case Development,CAA,112[R][1],02/13/2012,02/13/2012,EPA,U.S. EPA,"COLD STORAGE SOLUTIONS III, INC",234 KENNETH WELCH DRIVE,LAKEVILLE,MA,2347,PLYMOUTH,1,41.883759999999995,-70.941571,10900040204,4,6.44,592.07,http://echo.epa.gov/detailed-facility-report?fid=110045459883
110003447896,ICIS,600001161,DATEL TECHNOLOGIES INC / C&D,1,600001921,INS,Inspection/Evaluation,01000F306404,Evaluation,EPCRA,312,08/24/2006,08/24/2006,EPA,U.S. EPA,DATEL,11 CABOT BLVD,MANSFIELD,MA,2048,BRISTOL,1,42.0285,-71.24594,10900040301,4,9.656,993.81,http://echo.epa.gov/detailed-facility-report?fid=110003447896
110003447896,ICIS,600001168,DATEL TECHNOLOGIES INC / C&D,1,600001934,INS,Inspection/Evaluation,01000F320171,Evaluation,TSCA,5,08/24/2006,08/24/2006,EPA,U.S. EPA,DATEL,11 CABOT BLVD,MANSFIELD,MA,2048,BRISTOL,1,42.0285,-71.24594,10900040301,4,9.656,993.81,http://echo.epa.gov/detailed-facility-report?fid=110003447896
110001949508,ICIS,3000014217,EXELON WEST MEDWAY GENERATING STATION,1,3000027778,INS,Inspection/Evaluation,01000F934670,Evaluation,CWA,311,06/07/2012,06/07/2012,EPA,U.S. EPA,EXELON WEST MEDWAY GENERATING STATION,9 SUMMER STREET,MEDWAY,MA,2053,NORFOLK,1,42.139996999999994,-71.446348,10900010601,4,7.789,983.65,http://echo.epa.gov/detailed-facility-report?fid=110001949508
110046383169,ICIS,7376996,AVECIA BIOTECHNOLOGY INCORPORATED,1,142337,INS,Inspection/Evaluation,01000F33637,Non-Sampling,CWA,308[A][B],03/16/2005,03/16/2005,EPA,U.S. EPA,NITTO DENKO AVECIA,155 FORTUNE BLVD,MILFORD,MA,1757,WORCESTER,1,42.15988,-71.50185,10900010601,4,14.904000000000002,1339.14,http://echo.epa.gov/detailed-facility-report?fid=110046383169
110046383169,ICIS,7376996,AVECIA BIOTECHNOLOGY INCORPORATED,1,2200011415,INS,Inspection/Evaluation,01000F730819,Follow-Up,RCRA,3002,09/21/2010,09/21/2010,EPA,U.S. EPA,NITTO DENKO AVECIA,155 FORTUNE BLVD,MILFORD,MA,1757,WORCESTER,1,42.15988,-71.50185,10900010601,4,14.904000000000002,1339.14,http://echo.epa.gov/detailed-facility-report?fid=110046383169
110046383169,ICIS,7376996,AVECIA BIOTECHNOLOGY INCORPORATED,1,2200000525,INS,Inspection/Evaluation,01000F721151,Evaluation,RCRA,3002,07/15/2010,07/15/2010,EPA,U.S. EPA,NITTO DENKO AVECIA,155 FORTUNE BLVD,MILFORD,MA,1757,WORCESTER,1,42.15988,-71.50185,10900010601,4,14.904000000000002,1339.14,http://echo.epa.gov/detailed-facility-report?fid=110046383169
110046383169,ICIS,2200002251,AVECIA BIOTECHNOLOGY INC,1,2200004128,INS,Inspection/Evaluation,01000F721778,Evaluation (IU),CWA,308[A][B],07/15/2010,07/15/2010,EPA,U.S. EPA,NITTO DENKO AVECIA,155 FORTUNE BLVD,MILFORD,MA,1757,WORCESTER,1,42.15988,-71.50185,10900010601,4,14.904000000000002,1339.14,http://echo.epa.gov/detailed-facility-report?fid=110046383169
110046383169,ICIS,2200002251,AVECIA BIOTECHNOLOGY INC,1,3601425834,INS,Inspection/Evaluation,01000F1429326,Evaluation (IU),CWA,308[A][B],05/01/2018,05/01/2018,EPA,U.S. EPA,NITTO DENKO AVECIA,155 FORTUNE BLVD,MILFORD,MA,1757,WORCESTER,1,42.15988,-71.50185,10900010601,4,14.904000000000002,1339.14,http://echo.epa.gov/detailed-facility-report?fid=110046383169
110043927203,ICIS,3600148341,NEWTON EDUCATION CENTER,1,3600688210,INS,Inspection/Evaluation,01000F1340355,AHERA,TSCA,203,10/28/2015,10/28/2015,EPA,State,NEWTON EDUCATION CENTER,100 WALNUT ST,NEWTON,MA,2460,MIDDLESEX,1,42.35623,-71.20934,10900010704,4,23.66,6638.61,http://echo.epa.gov/detailed-facility-report?fid=110043927203
110046383169,ICIS,3601062810,NITTO DENKO AVECIA,1,3601813239,INS,Inspection/Evaluation,01000F1468216,Evaluation,EPCRA,313,04/17/2019,04/17/2019,EPA,U.S. EPA,NITTO DENKO AVECIA,155 FORTUNE BLVD,MILFORD,MA,1757,WORCESTER,1,42.15988,-71.50185,10900010601,4,14.904000000000002,1339.14,http://echo.epa.gov/detailed-facility-report?fid=110046383169
