,PGM_SYS_ID,ACTIVITY_ID,ENF_IDENTIFIER,ACTIVITY_TYPE_CODE,ACTIVITY_TYPE_DESC,STATE_EPA_FLAG,ENF_TYPE_CODE,ENF_TYPE_DESC,SETTLEMENT_ENTERED_DATE,PENALTY_AMOUNT,FAC_NAME,FAC_STREET,FAC_CITY,FAC_STATE,FAC_ZIP,FAC_COUNTY,FAC_EPA_REGION,FAC_LAT,FAC_LONG,FAC_DERIVED_WBD,FAC_DERIVED_CD113,FAC_PERCENT_MINORITY,FAC_POP_DEN,DFR_URL
0,MA0000002512000060,3400315329,01-1984-A010,AFR,Administrative - Formal,E,113A,CAA 113A Admin Compliance Order (Non-Penalty),03/30/1984,0.0,SOMERSET POWER GENERATING STATION,1606 RIVERSIDE AVENUE,SOMERSET,MA,2726,BRISTOL,1,41.7378,-71.1453,10900040804,4,11.815,2621.5,http://echo.epa.gov/detailed-facility-report?fid=110000311779
1,MA0000002512000060,3400315332,MA000A0000251200006000066,AFR,Administrative - Formal,S,SCAAAO,Administrative Order,05/01/1995,0.0,SOMERSET POWER GENERATING STATION,1606 RIVERSIDE AVENUE,SOMERSET,MA,2726,BRISTOL,1,41.7378,-71.1453,10900040804,4,11.815,2621.5,http://echo.epa.gov/detailed-facility-report?fid=110000311779
2,MA0000002512000060,3400315335,MA000A0000251200006000063,AFR,Administrative - Formal,S,SCAAAO,Administrative Order,01/25/1995,0.0,SOMERSET POWER GENERATING STATION,1606 RIVERSIDE AVENUE,SOMERSET,MA,2726,BRISTOL,1,41.7378,-71.1453,10900040804,4,11.815,2621.5,http://echo.epa.gov/detailed-facility-report?fid=110000311779
3,MA0000002512000251,3400624171,MA000A0000251200025100002,AFR,Administrative - Formal,S,SCAAAO,Administrative Order,07/26/1991,0.0,MEDIGEN,2 SUMMER ST.,FOXBOROUGH,MA,2035,NORFOLK,1,42.04605,-71.20825,10900040801,4,11.35,1163.16,http://echo.epa.gov/detailed-facility-report?fid=110002017790
4,MA0000002512000251,3400624173,MA000A0000251200025100003,AFR,Administrative - Formal,S,SCAAAO,Administrative Order,07/26/1991,0.0,MEDIGEN,2 SUMMER ST.,FOXBOROUGH,MA,2035,NORFOLK,1,42.04605,-71.20825,10900040801,4,11.35,1163.16,http://echo.epa.gov/detailed-facility-report?fid=110002017790
5,MA0000002511900144,3400419926,MA000A0000251190014400062,AFR,Administrative - Formal,S,SCAAAO,Administrative Order,02/22/2012,0.0,BOSTON COLLEGE LAW SCHOOL,885 CENTRE ST,NEWTON,MA,2459,MIDDLESEX,1,42.34152,-71.19219,10900010704,4,23.866999999999997,7062.12,http://echo.epa.gov/detailed-facility-report?fid=110007369463
6,MA0000002511900144,3400419928,MA000A0000251190014400060,AFR,Administrative - Formal,S,SCAAAO,Administrative Order,08/18/2010,14400.0,BOSTON COLLEGE LAW SCHOOL,885 CENTRE ST,NEWTON,MA,2459,MIDDLESEX,1,42.34152,-71.19219,10900010704,4,23.866999999999997,7062.12,http://echo.epa.gov/detailed-facility-report?fid=110007369463
7,MA0000002511900144,3400419931,MA000A0000251190014400026,AFR,Administrative - Formal,S,SCAAAO,Administrative Order,01/21/1999,1000.0,BOSTON COLLEGE LAW SCHOOL,885 CENTRE ST,NEWTON,MA,2459,MIDDLESEX,1,42.34152,-71.19219,10900010704,4,23.866999999999997,7062.12,http://echo.epa.gov/detailed-facility-report?fid=110007369463
8,MA0000002511902309,3400696153,MA000A0000251190230900024,AFR,Administrative - Formal,S,SCAAAO,Administrative Order,11/30/2011,500.0,INTERSTATE COFFEE SE,43 NORFOLK AVENUE,EASTON,MA,2375,BRISTOL,1,42.04509,-71.07670999999999,10900040103,4,19.186,1135.73,http://echo.epa.gov/detailed-facility-report?fid=110001949027
9,MA0000002511902309,3400696155,MA000A0000251190230900019,AFR,Administrative - Formal,S,SCAAAO,Administrative Order,05/29/2001,0.0,INTERSTATE COFFEE SE,43 NORFOLK AVENUE,EASTON,MA,2375,BRISTOL,1,42.04509,-71.07670999999999,10900040103,4,19.186,1135.73,http://echo.epa.gov/detailed-facility-report?fid=110001949027
10,MA0000002511903129,3400745963,MA000A0000251190312900003,AFR,Administrative - Formal,S,SCAAAO,Administrative Order,12/01/2006,0.0,GIP WAKEFIELD LLC DBA,178 CRESCENT RD,NEEDHAM,MA,2494,NORFOLK,1,42.29701,-71.2394,10900010703,4,16.303,2728.3,http://echo.epa.gov/detailed-facility-report?fid=110008419611
11,MA0000002511903129,3400745964,MA000A0000251190312900002,AFR,Administrative - Formal,S,SCAAAO,Administrative Order,06/06/2006,26740.0,GIP WAKEFIELD LLC DBA,178 CRESCENT RD,NEEDHAM,MA,2494,NORFOLK,1,42.29701,-71.2394,10900010703,4,16.303,2728.3,http://echo.epa.gov/detailed-facility-report?fid=110008419611
12,MA0000002511900168,3400463636,MA000A0000251190016800063,AFR,Administrative - Formal,S,SCAAAO,Administrative Order,03/11/2008,11500.0,NEWTON WELLESLEY HOSPITAL,2014 WASHINGTON STREET,NEWTON,MA,2462,MIDDLESEX,1,42.33093,-71.24776,10900010703,4,22.381999999999998,3719.64,http://echo.epa.gov/detailed-facility-report?fid=110000882279
13,MA0000002512000931,3400812075,MA000A0000251200093100003,AFR,Administrative - Formal,S,SCAAAO,Administrative Order,03/14/2014,1970.0,KEYSTONE AUTOMOTIVE,250 JOHN HANCOCK BLVD,TAUNTON,MA,2780,BRISTOL,1,41.94424,-71.13475,10900040302,4,9.472999999999999,827.0,http://echo.epa.gov/detailed-facility-report?fid=110043922397
14,MA0000002512000394,3400598935,MA000A0000251200039400031,AFR,Administrative - Formal,S,SCAAAO,Administrative Order,10/17/2008,2010.0,SILVER CITY ALUMINUM,704 WEST WATER STREET,TAUNTON,MA,2780,BRISTOL,1,41.87755,-71.09614,10900040804,4,17.292,1487.4,http://echo.epa.gov/detailed-facility-report?fid=110012466107
15,MA0000002511800297,3400457719,MA000A0000251180029700003,AFR,Administrative - Formal,S,SCAAAO,Administrative Order,11/21/2001,2000.0,EMC CORP,171 SOUTH ST,HOPKINTON,MA,1748,MIDDLESEX,1,42.198805,-71.54091600000001,10700050101,4,10.173,756.47,http://echo.epa.gov/detailed-facility-report?fid=110024356472
16,MA0000002512000405,3400624182,MA000A0000251200040590006,JDC,Judicial,S,CIV,Civil Judicial Action,07/01/2003,1000000.0,WATERS CORP,177 ROBERT TREAT PAINE DR,TAUNTON,MA,2780,BRISTOL,1,41.95257,-71.13507,10900040302,4,9.201,751.89,http://echo.epa.gov/detailed-facility-report?fid=110000312073
17,MA0000002512000405,3400624188,MA000A0000251200040500033,AFR,Administrative - Formal,S,SCAAAO,Administrative Order,07/07/2009,0.0,WATERS CORP,177 ROBERT TREAT PAINE DR,TAUNTON,MA,2780,BRISTOL,1,41.95257,-71.13507,10900040302,4,9.201,751.89,http://echo.epa.gov/detailed-facility-report?fid=110000312073
18,MA0000002512000533,3400738445,MA000A0000251200053300041,AFR,Administrative - Formal,S,SCAAAO,Administrative Order,02/04/2011,222110.0,GAS RECOVERY SERVICES,145 HORVITZ RD,FALL RIVER,MA,2720,BRISTOL,1,41.748262,-71.107826,10900040804,4,8.043,1280.17,http://echo.epa.gov/detailed-facility-report?fid=110012166388
19,MA0000002512001515,3400798682,MA000A0000251200151500001,AFR,Administrative - Formal,S,SCAAAO,Administrative Order,05/20/1994,0.0,AHLSTROM LANTOR LLC,125 DEPOT ST,BELLINGHAM,MA,2019,NORFOLK,1,42.09534,-71.48362,10900010601,4,7.754,666.84,http://echo.epa.gov/detailed-facility-report?fid=110001944371
20,MA0000002512001515,3400798684,MA000A0000251200151500012,AFR,Administrative - Formal,S,SCAAAO,Administrative Order,12/29/2000,10000.0,AHLSTROM LANTOR LLC,125 DEPOT ST,BELLINGHAM,MA,2019,NORFOLK,1,42.09534,-71.48362,10900010601,4,7.754,666.84,http://echo.epa.gov/detailed-facility-report?fid=110001944371
21,MA0000002512000185,3400755507,MA000A0000251200018500059,JDC,Judicial,S,CIV,Civil Judicial Action,10/28/2008,2000000.0,RUST-OLEUM,113 OLIVE ST.,ATTLEBORO,MA,2703,BRISTOL,1,41.937222,-71.28992099999999,10900040401,4,15.530999999999999,1473.96,http://echo.epa.gov/detailed-facility-report?fid=110000311582
22,MA0000002512000429,3400791964,MA000A0000251200042900002,AFR,Administrative - Formal,S,SCAAAO,Administrative Order,02/18/1998,104400.0,DORANCO INC,51 ROBINSON AVENUE,NORTH ATTLEBORO,MA,2763,BRISTOL,1,41.96817,-71.31097,10900040401,4,13.567,1793.57,http://echo.epa.gov/detailed-facility-report?fid=110002406986
23,MA0000002512000075,3400315355,MA000A0000251200007590002,AFR,Administrative - Formal,S,SCAAAO,Administrative Order,10/18/1991,200000.0,ISP FREETOWN FINE CHEMICALS,238 SOUTH MAIN ST,ASSONET,MA,2702,BRISTOL,1,41.766110999999995,-71.106944,10900040804,4,6.85,915.05,http://echo.epa.gov/detailed-facility-report?fid=110001939779
24,MA0000002512000516,3400505247,MA000A0000251200051600011,AFR,Administrative - Formal,S,SCAAAO,Administrative Order,08/31/2007,7224.0,SUN CHEMICAL CORPORATION,320 FORBES BLVD,MANSFIELD,MA,2048,BRISTOL,1,42.02368,-71.24165,10900040301,4,9.221,1001.88,http://echo.epa.gov/detailed-facility-report?fid=110001937799
25,MA0000002512000769,3400734456,MA000A0000251200076900018,AFR,Administrative - Formal,S,SCAAAO,Administrative Order,12/02/2008,500.0,COYLE CASSIDY HIGH SCHOOL,ADAMS & HAMILTON STS,TAUNTON,MA,2780,BRISTOL,1,41.908970000000004,-71.09469,10900040801,4,16.502,1716.78,http://echo.epa.gov/detailed-facility-report?fid=110007370031
26,MA0000002511903713,3400478796,MA000A0000251190371300003,AFR,Administrative - Formal,S,SCAAAO,Administrative Order,05/29/2014,18172.0,SUNCO INC,35 EASTMAN ST,SOUTH EASTON,MA,2375,BRISTOL,1,42.02357,-71.14487,10900040801,4,9.645,837.03,http://echo.epa.gov/detailed-facility-report?fid=110046394736
27,MA0000002512000064,3400657119,MA000A0000251200006400019,AFR,Administrative - Formal,S,SCAAAO,Administrative Order,07/26/1989,0.0,"HARODITE INDUSTRIES, INC.",66 SOUTH STREET,TAUNTON,MA,2780,BRISTOL,1,41.86417,-71.12033000000001,10900040302,4,16.865,1004.79,http://echo.epa.gov/detailed-facility-report?fid=110020156383
28,MA0000002512000064,3400657148,MA000A0000251200006400079,AFR,Administrative - Formal,S,SCAAAO,Administrative Order,02/16/2007,700.0,"HARODITE INDUSTRIES, INC.",66 SOUTH STREET,TAUNTON,MA,2780,BRISTOL,1,41.86417,-71.12033000000001,10900040302,4,16.865,1004.79,http://echo.epa.gov/detailed-facility-report?fid=110020156383
29,MA0000002512000073,3400409588,MA000A0000251200007390003,AFR,Administrative - Formal,S,SCAAAO,Administrative Order,04/14/1994,108000.0,METALOR TECHNOLOGIES USA,52 GARDNER ST.,ATTLEBORO,MA,2703,BRISTOL,1,41.94198,-71.2769,10900040401,4,15.04,1433.02,http://echo.epa.gov/detailed-facility-report?fid=110000311519
30,MA0000002512000073,3400409596,MA000A0000251200007300020,AFR,Administrative - Formal,S,SCAAAO,Administrative Order,03/30/1994,0.0,METALOR TECHNOLOGIES USA,52 GARDNER ST.,ATTLEBORO,MA,2703,BRISTOL,1,41.94198,-71.2769,10900040401,4,15.04,1433.02,http://echo.epa.gov/detailed-facility-report?fid=110000311519
31,MA0000002512001167,3601010293,MA000A200149195,AFR,Administrative - Formal,S,SCAAAO,Administrative Order,04/11/2017,0.0,EXCEL RECYCLING LLC,17 RIDGE HILL RD,"FREETOWN, TOWN OF",MA,2717,BRISTOL COUNTY,1,41.784459999999996,-71.07777,10900040802,4,6.547000000000001,412.85,http://echo.epa.gov/detailed-facility-report?fid=110070029160
32,MA0000002512000511,3400738439,MA000A0000251200051100003,AFR,Administrative - Formal,S,SCAAAO,Administrative Order,12/21/2001,0.0,MORSE READY MIX,24 CROSS ST,PLAINVILLE,MA,2762,NORFOLK COUNTY,1,42.019853999999995,-71.34884699999999,10900040401,4,7.534,839.0,http://echo.epa.gov/detailed-facility-report?fid=110012166360
33,MA0000002512001049,3601261747,MA000A200156524,AFR,Administrative - Formal,S,SCAAAO,Administrative Order,10/26/2017,1150.0,ZATEC LLC,620 SPRING ST,DIGHTON,MA,2715,BRISTOL,1,41.86562,-71.12865,10900040302,4,15.919,927.87,http://echo.epa.gov/detailed-facility-report?fid=110040410258
34,MA0000002512000602,3400520560,MA000A0000251200060200003,AFR,Administrative - Formal,S,SCAAAO,Administrative Order,03/15/2006,7000.0,PINE GROVE PLASTICS,265 BULLOCK RD,FREETOWN,MA,2717,BRISTOL,1,41.72722,-70.99809,10900020501,4,7.794,297.54,http://echo.epa.gov/detailed-facility-report?fid=110024290676
35,MA0000002511901414,3400737518,MA000A0000251190141400017,AFR,Administrative - Formal,S,SCAAAO,Administrative Order,11/09/1999,0.0,BROOKLINE VALET SERVICE,87 SCHOOL ST,BROOKLINE,MA,2446,NORFOLK,1,42.3349,-71.12201999999999,10900010704,4,43.831,14820.13,http://echo.epa.gov/detailed-facility-report?fid=110024321688
36,MA0000002512000002,3400588388,01-1993-A012,AFR,Administrative - Formal,E,113D1,CAA 113D1 Action For Penalty,01/26/1993,190000.0,TEXAS INSTRUMENTS (FORMER),34 FOREST ST.,ATTLEBORO,MA,2703,BRISTOL,1,41.946670000000005,-71.27561,10900040401,4,14.668,1470.24,http://echo.epa.gov/detailed-facility-report?fid=110000311644
37,MA0000002512000002,3400588400,MA000A0000251200000200048,AFR,Administrative - Formal,S,SCAAAO,Administrative Order,09/27/1988,8000.0,TEXAS INSTRUMENTS (FORMER),34 FOREST ST.,ATTLEBORO,MA,2703,BRISTOL,1,41.946670000000005,-71.27561,10900040401,4,14.668,1470.24,http://echo.epa.gov/detailed-facility-report?fid=110000311644
38,MA0000002512000002,3400588402,MA000A0000251200000200042,AFR,Administrative - Formal,S,SCAAAO,Administrative Order,08/17/1988,0.0,TEXAS INSTRUMENTS (FORMER),34 FOREST ST.,ATTLEBORO,MA,2703,BRISTOL,1,41.946670000000005,-71.27561,10900040401,4,14.668,1470.24,http://echo.epa.gov/detailed-facility-report?fid=110000311644
39,MA0000002512000002,3400588423,MA000A0000251200000200155,AFR,Administrative - Formal,S,SCAAAO,Administrative Order,12/28/2007,18435.0,TEXAS INSTRUMENTS (FORMER),34 FOREST ST.,ATTLEBORO,MA,2703,BRISTOL,1,41.946670000000005,-71.27561,10900040401,4,14.668,1470.24,http://echo.epa.gov/detailed-facility-report?fid=110000311644
40,MA0000002512000002,3400588425,MA000A0000251200000200145,AFR,Administrative - Formal,S,SCAAAO,Administrative Order,06/27/2005,32475.0,TEXAS INSTRUMENTS (FORMER),34 FOREST ST.,ATTLEBORO,MA,2703,BRISTOL,1,41.946670000000005,-71.27561,10900040401,4,14.668,1470.24,http://echo.epa.gov/detailed-facility-report?fid=110000311644
41,MA0000002512000389,3600856965,MA000A200143963,AFR,Administrative - Formal,S,SCAAAO,Administrative Order,10/25/2016,2870.0,MCCABE SAND & GRAVEL,120 BERKLEY ST,TAUNTON,MA,2780,BRISTOL ,1,41.88248,-71.08801,10900040804,4,17.293,1593.7,http://echo.epa.gov/detailed-facility-report?fid=110001952030
42,MA0000002512000389,3601045963,MA000A200150838,AFR,Administrative - Formal,S,SCAAAO,Administrative Order,04/14/2017,2000.0,MCCABE SAND & GRAVEL,120 BERKLEY ST,TAUNTON,MA,2780,BRISTOL ,1,41.88248,-71.08801,10900040804,4,17.293,1593.7,http://echo.epa.gov/detailed-facility-report?fid=110001952030
43,MA0000002512001137,3600102569,MA000A200116601,AFR,Administrative - Formal,S,SCAAAO,Administrative Order,03/16/2015,1745.0,SOUTH SHORE MILLWORK,7 MAPLE ST,NORTON,MA,2766,BRISTOL,1,41.94493,-71.22103,10900040301,4,11.345,802.72,http://echo.epa.gov/detailed-facility-report?fid=110056488894
44,MA0000002511905127,3400536645,MA000A0000251190512790003,AFR,Administrative - Formal,S,SCAAAO,Administrative Order,04/23/1998,0.0,TRESCA BROTHERS SAND & GRAVEL,66 MAIN ST,MILLIS,MA,2054,NORFOLK,1,42.1798,-71.32547,10900010604,4,6.534,723.08,http://echo.epa.gov/detailed-facility-report?fid=110003423180
45,MA0000002511905127,3400536649,MA000A0000251190512700018,AFR,Administrative - Formal,S,SCAAAO,Administrative Order,08/21/2003,12500.0,TRESCA BROTHERS SAND & GRAVEL,66 MAIN ST,MILLIS,MA,2054,NORFOLK,1,42.1798,-71.32547,10900010604,4,6.534,723.08,http://echo.epa.gov/detailed-facility-report?fid=110003423180
46,MA0000002512000701,3400367099,MA000A0000251200070100005,AFR,Administrative - Formal,S,SCAAAO,Administrative Order,02/05/2007,7055.0,V&S TAUNTON GALVANIZING LLC,585 JOHN HANCOCK RD,TAUNTON,MA,2780,BRISTOL,1,41.93571,-71.12869,10900040302,4,13.5,1093.07,http://echo.epa.gov/detailed-facility-report?fid=110022831952
47,MA0000002512000986,3400813751,MA000A0000251200098600003,AFR,Administrative - Formal,S,SCAAAO,Administrative Order,06/16/2011,11500.0,CHECON CORP,30 LARSEN WAY,NORTH ATTLEBORO,MA,2763,BRISTOL,1,41.982859999999995,-71.29731,10900040401,4,10.921,1661.73,http://echo.epa.gov/detailed-facility-report?fid=110022815809
48,MA0000002512000160,3400409713,MA000A0000251200016000020,AFR,Administrative - Formal,S,SCAAAO,Administrative Order,10/16/1990,0.0,BASF CATALYSTS,36 TAUNTON STREET,PLAINVILLE,MA,2762,NORFOLK,1,42.01424,-71.30603,10900040301,4,7.699,1131.0,http://echo.epa.gov/detailed-facility-report?fid=110000613836
49,MA0000002512000794,3400659501,MA000A0000251200079400031,AFR,Administrative - Formal,S,SCAAAO,Administrative Order,12/02/2008,500.0,KING PHILIP REGIONAL,201 FRANKLIN ST,WRENTHAM,MA,2093,NORFOLK,1,42.073433,-71.330197,10900040301,4,5.434,656.32,http://echo.epa.gov/detailed-facility-report?fid=110024341915
50,MA0000002511902306,3400655432,MA000A0000251190230600053,AFR,Administrative - Formal,S,SCAAAO,Administrative Order,01/31/2006,180000.0,BELCHER (ADVANCED CAST PRODUCTS),558 FOUNDRY ST,EASTON,MA,2375,BRISTOL,1,42.02427,-71.13061,10900040801,4,9.882,825.9,http://echo.epa.gov/detailed-facility-report?fid=110001949009
51,MA0000002511902306,3400655434,MA000A0000251190230600046,AFR,Administrative - Formal,S,SCAAAO,Administrative Order,12/17/2003,12000.0,BELCHER (ADVANCED CAST PRODUCTS),558 FOUNDRY ST,EASTON,MA,2375,BRISTOL,1,42.02427,-71.13061,10900040801,4,9.882,825.9,http://echo.epa.gov/detailed-facility-report?fid=110001949009
52,MA0000002511902306,3400655436,MA000A0000251190230600037,AFR,Administrative - Formal,S,SCAAAO,Administrative Order,09/19/2002,4000.0,BELCHER (ADVANCED CAST PRODUCTS),558 FOUNDRY ST,EASTON,MA,2375,BRISTOL,1,42.02427,-71.13061,10900040801,4,9.882,825.9,http://echo.epa.gov/detailed-facility-report?fid=110001949009
53,MA0000002511902306,3400655438,MA000A0000251190230600025,AFR,Administrative - Formal,S,SCAAAO,Administrative Order,08/28/1997,6750.0,BELCHER (ADVANCED CAST PRODUCTS),558 FOUNDRY ST,EASTON,MA,2375,BRISTOL,1,42.02427,-71.13061,10900040801,4,9.882,825.9,http://echo.epa.gov/detailed-facility-report?fid=110001949009
54,MA0000002512000392,3400659493,MA000A0000251200039200061,AFR,Administrative - Formal,S,SCAAAO,Administrative Order,03/05/2009,3376.0,OLSONS GREENHOUSES,590 SOUTH ST E,RAYNHAM,MA,2767,BRISTOL,1,41.900659999999995,-71.03766999999999,10900040204,4,15.376,1088.3,http://echo.epa.gov/detailed-facility-report?fid=110024303083
55,MA0000002512000061,3400122365,01-2009-1999,JDC,Judicial,E,CIV,Civil Judicial Action,07/18/2013,1400000.0,DOMINION ENERGY BRAYTON POINT POWER PLANT,1 BRAYTON POINT RD,SOMERSET,MA,2725,BRISTOL,1,41.709989,-71.192441,10900040804,4,14.955,4280.51,http://echo.epa.gov/detailed-facility-report?fid=110028092597
56,MA0000002512000061,3400755441,01-2013-A010,JDC,Judicial,E,CIV,Civil Judicial Action,07/18/2013,1400000.0,DOMINION ENERGY BRAYTON POINT POWER PLANT,1 BRAYTON POINT RD,SOMERSET,MA,2725,BRISTOL,1,41.709989,-71.192441,10900040804,4,14.955,4280.51,http://echo.epa.gov/detailed-facility-report?fid=110028092597
57,MA0000002512000061,3400755459,MA000A0000251200006100337,AFR,Administrative - Formal,S,SCAAAO,Administrative Order,09/30/2013,11213.0,DOMINION ENERGY BRAYTON POINT POWER PLANT,1 BRAYTON POINT RD,SOMERSET,MA,2725,BRISTOL,1,41.709989,-71.192441,10900040804,4,14.955,4280.51,http://echo.epa.gov/detailed-facility-report?fid=110028092597
58,MA0000002512000061,3400755461,MA000A0000251200006100283,AFR,Administrative - Formal,S,SCAAAO,Administrative Order,06/30/2010,6048.0,DOMINION ENERGY BRAYTON POINT POWER PLANT,1 BRAYTON POINT RD,SOMERSET,MA,2725,BRISTOL,1,41.709989,-71.192441,10900040804,4,14.955,4280.51,http://echo.epa.gov/detailed-facility-report?fid=110028092597
59,MA0000002512000052,3400798294,MA000A0000251200005200018,AFR,Administrative - Formal,S,SCAAAO,Administrative Order,12/02/2008,500.0,G&W FOUNDRY,128 BAY STATE RD.,REHOBOTH,MA,2769,BRISTOL,1,41.84138,-71.25052,10900040701,4,4.907,260.65,http://echo.epa.gov/detailed-facility-report?fid=110001942471
60,MA0000002512000183,3400623532,01-1998-A026,JDC,Judicial,E,CIV,Civil Judicial Action,09/01/1998,1400000.0,COMTRAN CORP,330A TURNER ST.,ATTLEBORO,MA,2703,BRISTOL,1,41.89642,-71.38025,10900030208,4,38.994,4770.3,http://echo.epa.gov/detailed-facility-report?fid=110000311591
61,MA0000002512000183,3400623534,MA000A0000251200018300041,AFR,Administrative - Formal,S,SCAAAO,Administrative Order,09/28/2010,17250.0,COMTRAN CORP,330A TURNER ST.,ATTLEBORO,MA,2703,BRISTOL,1,41.89642,-71.38025,10900030208,4,38.994,4770.3,http://echo.epa.gov/detailed-facility-report?fid=110000311591
62,MA0000002512000538,3400516096,MA000A0000251200053800014,AFR,Administrative - Formal,S,SCAAAO,Administrative Order,11/30/2011,500.0,SMTC MANUFACTURING CORP OF MASSACHUSETTS,109 CONSTITUTION BOULEVARD UNIT 160,FRANKLIN,MA,2038,NORFOLK,1,42.05523,-71.40077,10900010601,4,8.482999999999999,778.72,http://echo.epa.gov/detailed-facility-report?fid=110006531823
63,MA0000002512000957,3400409820,MA000A0000251200095700044,AFR,Administrative - Formal,S,SCAAAO,Administrative Order,09/11/2003,5000.0,CONSOLIDATED COATING,5 WILLIAM WAY,BELLINGHAM,MA,2019,NORFOLK,1,42.085246000000005,-71.49647399999999,10900010601,4,7.606,608.15,http://echo.epa.gov/detailed-facility-report?fid=110000310477
64,MA0000002512000957,3400409844,MA000A0000251200095700042,AFR,Administrative - Formal,S,SCAAAO,Administrative Order,02/04/2003,10000.0,CONSOLIDATED COATING,5 WILLIAM WAY,BELLINGHAM,MA,2019,NORFOLK,1,42.085246000000005,-71.49647399999999,10900010601,4,7.606,608.15,http://echo.epa.gov/detailed-facility-report?fid=110000310477
65,MA0000002512000957,3400409846,MA000A0000251200095700028,AFR,Administrative - Formal,S,SCAAAO,Administrative Order,12/22/1998,1200.0,CONSOLIDATED COATING,5 WILLIAM WAY,BELLINGHAM,MA,2019,NORFOLK,1,42.085246000000005,-71.49647399999999,10900010601,4,7.606,608.15,http://echo.epa.gov/detailed-facility-report?fid=110000310477
66,MA0000002511900922,3400555185,MA000A0000251190092200028,AFR,Administrative - Formal,S,SCAAAO,Administrative Order,05/27/2008,500.0,TOWERS AT CHESTNUT HILL APARTMENTS,250 HAMMOND POND PKW,NEWTON,MA,2467,MIDDLESEX,1,42.322947,-71.175053,10900010704,4,24.234,6535.2,http://echo.epa.gov/detailed-facility-report?fid=110007369882
67,MA0000002512000673,3400577382,MA000A0000251200067300013,AFR,Administrative - Formal,S,SCAAAO,Administrative Order,09/17/2013,5750.0,HOMELAND BUILDERS,465 SYKES ROAD,FALL RIVER,MA,2720,BRISTOL,1,41.73936,-71.11565999999999,10900040804,4,9.889,1881.44,http://echo.epa.gov/detailed-facility-report?fid=110040848438
68,MA0000002512000404,3400553331,MA000A0000251200040400099,AFR,Administrative - Formal,S,SCAAAO,Administrative Order,10/29/2010,1000.0,AGGREGATE INDUSTRIES NORTHEAST REGION,400 GREEN ST.,WRENTHAM,MA,2093,NORFOLK,1,42.027770000000004,-71.35177,10900040401,4,6.989,660.95,http://echo.epa.gov/detailed-facility-report?fid=110012709140
69,MA0000002512000404,3400553333,MA000A0000251200040400086,AFR,Administrative - Formal,S,SCAAAO,Administrative Order,12/05/2003,5000.0,AGGREGATE INDUSTRIES NORTHEAST REGION,400 GREEN ST.,WRENTHAM,MA,2093,NORFOLK,1,42.027770000000004,-71.35177,10900040401,4,6.989,660.95,http://echo.epa.gov/detailed-facility-report?fid=110012709140
70,MA0000002512000856,152481,01-2005-1022,JDC,Judicial,E,CIV,Civil Judicial Action,05/07/2010,176666.67,SAINT GOBAIN CONTAINERS,1 NATIONAL ST,MILFORD,MA,1757,WORCESTER,1,42.127778,-71.51055600000001,10900010601,4,14.458,1385.85,http://echo.epa.gov/detailed-facility-report?fid=110000834900
71,MA0000002512000856,3400315501,MA000A0000251200085690004,JDC,Judicial,S,CIV,Civil Judicial Action,02/04/1999,150000.0,SAINT GOBAIN CONTAINERS,1 NATIONAL ST,MILFORD,MA,1757,WORCESTER,1,42.127778,-71.51055600000001,10900010601,4,14.458,1385.85,http://echo.epa.gov/detailed-facility-report?fid=110000834900
72,MA0000002512000856,3400315505,01-2010-A004,JDC,Judicial,E,CIV,Civil Judicial Action,05/07/2010,76667.0,SAINT GOBAIN CONTAINERS,1 NATIONAL ST,MILFORD,MA,1757,WORCESTER,1,42.127778,-71.51055600000001,10900010601,4,14.458,1385.85,http://echo.epa.gov/detailed-facility-report?fid=110000834900
73,MA0000002512000856,3400315521,MA000A0000251200085600272,AFR,Administrative - Formal,S,SCAAAO,Administrative Order,03/06/2014,0.0,SAINT GOBAIN CONTAINERS,1 NATIONAL ST,MILFORD,MA,1757,WORCESTER,1,42.127778,-71.51055600000001,10900010601,4,14.458,1385.85,http://echo.epa.gov/detailed-facility-report?fid=110000834900
74,MA0000002512000856,3400315523,MA000A0000251200085600056,AFR,Administrative - Formal,S,SCAAAO,Administrative Order,05/02/2003,2000.0,SAINT GOBAIN CONTAINERS,1 NATIONAL ST,MILFORD,MA,1757,WORCESTER,1,42.127778,-71.51055600000001,10900010601,4,14.458,1385.85,http://echo.epa.gov/detailed-facility-report?fid=110000834900
75,MA0000002512000335,3602103870,01-2020-1008,AFR,Administrative - Formal,E,113D1,CAA 113D1 Action For Penalty,01/30/2020,90300.0,BORO SAND & STONE CORP,192 PLAIN ST,NORTH ATTLEBORO,MA,2760,BRISTOL,1,42.007827,-71.290263,10900040401,4,8.144,1157.95,http://echo.epa.gov/detailed-facility-report?fid=110002017932
76,MA0000002511800429,3400703142,MA000A0000251180042900022,AFR,Administrative - Formal,S,SCAAAO,Administrative Order,10/28/1999,6000.0,ROSENFELD CONCRETE CORP,75 PLAIN ST,HOPEDALE,MA,1747,WORCESTER,1,42.1104,-71.51351,10900030205,4,13.769,1097.25,http://echo.epa.gov/detailed-facility-report?fid=110001938618
77,MA0000002512000906,163008,01-2006-1001,AFR,Administrative - Formal,E,113D1E,CAA 113D1 Action For Penalty - 112(r) Expedited Settlement Program,04/18/2006,630.0,HALLSMITH SYSCO FOOD SERVICES,380 S WORCESTER ST,NORTON,MA,2766,BRISTOL,1,41.938140000000004,-71.17948,10900040301,4,7.151,580.92,http://echo.epa.gov/detailed-facility-report?fid=110000574646
78,MA0000002511902321,3400587106,MA000A0000251190232100026,AFR,Administrative - Formal,S,SCAAAO,Administrative Order,12/02/2008,500.0,OLIVER AMES HIGH SCHOOL,100 LOTROP STREET,EASTON,MA,2356,BRISTOL,1,42.05656,-71.10854,10900040103,4,13.651,903.55,http://echo.epa.gov/detailed-facility-report?fid=110011762486
79,MA0000002512001072,3400578887,MA000A0000251200107200002,AFR,Administrative - Formal,S,SCAAAO,Administrative Order,04/14/2011,12000.0,STRATEGIC MATERIALS INC,45 KENWOOD CIRCLE,FRANKLIN,MA,2038,NORFOLK,1,42.072340000000004,-71.42016,10900010601,4,8.464,1004.17,http://echo.epa.gov/detailed-facility-report?fid=110043465078
80,MA0000002512001072,3600440479,MA000A200130694,AFR,Administrative - Formal,S,SCAAAO,Administrative Order,11/05/2015,11571.0,STRATEGIC MATERIALS INC,45 KENWOOD CIRCLE,FRANKLIN,MA,2038,NORFOLK,1,42.072340000000004,-71.42016,10900010601,4,8.464,1004.17,http://echo.epa.gov/detailed-facility-report?fid=110043465078
81,MA0000002512000529,3400669242,MA000A0000251200052900014,AFR,Administrative - Formal,S,SCAAAO,Administrative Order,12/02/2008,500.0,BMC DURFEE HIGH SCH,360 ELSBREE ST.,FALL RIVER,MA,2720,BRISTOL,1,41.714529999999996,-71.12743,10900040803,4,15.384,3692.29,http://echo.epa.gov/detailed-facility-report?fid=110001942186
82,MA0000002512000567,3600147451,MA000A200122479,AFR,Administrative - Formal,S,SCAAAO,Administrative Order,05/08/2015,236.5,CLASSIC FURNITURE,90 HAYWARD ST,FRANKLIN,MA,2038,NORFOLK,1,42.082770000000004,-71.40914000000001,10900010601,4,8.445,1051.61,http://echo.epa.gov/detailed-facility-report?fid=110001956857
83,MA0000002512000567,3600727385,MA000A200137470,AFR,Administrative - Formal,S,SCAAAO,Administrative Order,04/04/2016,5453.0,CLASSIC FURNITURE,90 HAYWARD ST,FRANKLIN,MA,2038,NORFOLK,1,42.082770000000004,-71.40914000000001,10900010601,4,8.445,1051.61,http://echo.epa.gov/detailed-facility-report?fid=110001956857
84,MA0000002512000843,3400734464,MA000A0000251200084300017,AFR,Administrative - Formal,S,SCAAAO,Administrative Order,11/30/2011,500.0,FR PARTNERSHIP,1 WEST ST,FALL RIVER,MA,2724,BRISTOL,1,41.72834,-71.14474,10900040804,4,14.255999999999998,3635.27,http://echo.epa.gov/detailed-facility-report?fid=110001999794
85,MA0000002512000517,3400576337,MA000A0000251200051700002,AFR,Administrative - Formal,S,SCAAAO,Administrative Order,01/03/2001,4000.0,OLDCASTLE PRECAST,41 ALMEIDA RD,REHOBOTH,MA,2769,BRISTOL,1,41.78784,-71.29144000000001,10900040701,4,7.347,658.67,http://echo.epa.gov/detailed-facility-report?fid=110024342549
86,MA0000002512000866,3400624219,MA000A0000251200086600077,AFR,Administrative - Formal,S,SCAAAO,Administrative Order,10/29/2010,62546.0,FALL RIVER LANDFILL,1080 AIRPORT RD,FALL RIVER,MA,2720,BRISTOL,1,41.7524,-71.1052,10900040804,4,7.231,1074.83,http://echo.epa.gov/detailed-facility-report?fid=110001944291
87,MA0000002511901562,3400793002,MA000A0000251190156200009,AFR,Administrative - Formal,S,SCAAAO,Administrative Order,05/12/2000,0.0,BARCLAY HOUSE APPARTMENTS,1530 BEACON STREET,BROOKLINE,MA,2446,NORFOLK,1,42.339859999999994,-71.13068,10900010704,4,38.815,14423.05,http://echo.epa.gov/detailed-facility-report?fid=110007292321
88,MA0000002512000947,3400165876,01-2013-1503,AFR,Administrative - Formal,E,113D1,CAA 113D1 Action For Penalty,09/30/2013,26500.0,GLADDING HEARN SHIPBUILDING,1 RIVERSIDE AVE,SOMERSET,MA,2726,BRISTOL,1,41.71907,-71.16606999999999,10900040804,4,14.765999999999998,4407.11,http://echo.epa.gov/detailed-facility-report?fid=110024299132
89,MA0000002512000947,3400706334,01-2013-A030,AFR,Administrative - Formal,E,113D1,CAA 113D1 Action For Penalty,09/30/2013,26500.0,GLADDING HEARN SHIPBUILDING,1 RIVERSIDE AVE,SOMERSET,MA,2726,BRISTOL,1,41.71907,-71.16606999999999,10900040804,4,14.765999999999998,4407.11,http://echo.epa.gov/detailed-facility-report?fid=110024299132
90,MA0000002512000947,3400706336,01-2013-A031,AFR,Administrative - Formal,E,113D1,CAA 113D1 Action For Penalty,09/30/2013,26500.0,GLADDING HEARN SHIPBUILDING,1 RIVERSIDE AVE,SOMERSET,MA,2726,BRISTOL,1,41.71907,-71.16606999999999,10900040804,4,14.765999999999998,4407.11,http://echo.epa.gov/detailed-facility-report?fid=110024299132
91,MA0000002512000217,3400445237,MA000A0000251200021700018,AFR,Administrative - Formal,S,SCAAAO,Administrative Order,05/16/2006,115410.0,TAUNTON LANDFILL & GAS ENERGY RECOVERY,330 EAST BRITANNIA ST,TAUNTON,MA,2780,BRISTOL,1,41.922990000000006,-71.086477,10900040204,4,15.888,1692.34,http://echo.epa.gov/detailed-facility-report?fid=110024333960
92,MA00000025119E0064,3400706744,01-2013-A036,AFR,Administrative - Formal,E,113D1,CAA 113D1 Action For Penalty,06/24/2013,35000.0,"EASTERN BUS COMPANY, INC",50 OAKLAND STREET,"WELLESLEY, TOWN OF",MA,0,WORCESTER COUNTY,1,42.3112,-71.26378000000001,10900010703,4,16.698,2696.69,http://echo.epa.gov/detailed-facility-report?fid=110064024568
93,MA00000025119E0064,3400706746,01-2013-A037,AFR,Administrative - Formal,E,113D1,CAA 113D1 Action For Penalty,06/24/2013,0.0,"EASTERN BUS COMPANY, INC",50 OAKLAND STREET,"WELLESLEY, TOWN OF",MA,0,WORCESTER COUNTY,1,42.3112,-71.26378000000001,10900010703,4,16.698,2696.69,http://echo.epa.gov/detailed-facility-report?fid=110064024568
94,MA0000002512000232,3400714688,MA000A0000251200023200020,AFR,Administrative - Formal,S,SCAAAO,Administrative Order,11/30/2011,500.0,GA RODGERS INCORPORATED,161 GRAHAM RD,FALL RIVER,MA,2720,BRISTOL,1,41.74435,-71.10736,10900040803,4,8.075,1364.82,http://echo.epa.gov/detailed-facility-report?fid=110024372472
95,MA0000002512001109,3400750194,MA000A0000251200110900006,AFR,Administrative - Formal,S,SCAAAO,Administrative Order,05/28/2014,350000.0,ALPHA ANALYTICS ENVIRONMENTAL TESTING LABORATORIES,320 FORBES BLVD,MANSFIELD,MA,2048,BRISTOL,1,42.02368,-71.24165,10900040301,4,9.221,1001.88,http://echo.epa.gov/detailed-facility-report?fid=110055619549
96,MA0000002512001109,3400750196,MA000A0000251200110900004,AFR,Administrative - Formal,S,SCAAAO,Administrative Order,06/27/2013,0.0,ALPHA ANALYTICS ENVIRONMENTAL TESTING LABORATORIES,320 FORBES BLVD,MANSFIELD,MA,2048,BRISTOL,1,42.02368,-71.24165,10900040301,4,9.221,1001.88,http://echo.epa.gov/detailed-facility-report?fid=110055619549
97,MA0000002512000496,3400677070,MA000A0000251200049600007,AFR,Administrative - Formal,S,SCAAAO,Administrative Order,05/07/2014,1865.0,TAUNTON STOVE COMPANY INC,490 SOMERSET AVENUE,NORTH DIGHTON,MA,2764,BRISTOL,1,41.852759999999996,-71.11621,10900040302,4,10.953,738.65,http://echo.epa.gov/detailed-facility-report?fid=110003419373
98,MA0000002512000616,3400443190,MA000A0000251200061600021,AFR,Administrative - Formal,S,SCAAAO,Administrative Order,04/07/2006,1860.0,PLAINVILLE GENERATING COMPANY LLC,3 BELCHER ST,PLAINVILLE,MA,2762,NORFOLK,1,42.038759999999996,-71.30122,10900040301,4,5.837999999999999,742.06,http://echo.epa.gov/detailed-facility-report?fid=110002374966
99,MA0000002512000068,3400624149,MA000A0000251200006800002,AFR,Administrative - Formal,S,SCAAAO,Administrative Order,08/28/1990,3500.0,QUAD GRAPHICS TAUNTON RETAIL,50 JOHN HANCOCK ROAD,TAUNTON,MA,2780,BRISTOL,1,41.905,-71.1026,10900040801,4,16.741,1679.54,http://echo.epa.gov/detailed-facility-report?fid=110001942499
100,MA0000002512000068,3400624151,01-2010-A009,JDC,Judicial,E,CIV,Civil Judicial Action,09/23/2010,91555.0,QUAD GRAPHICS TAUNTON RETAIL,50 JOHN HANCOCK ROAD,TAUNTON,MA,2780,BRISTOL,1,41.905,-71.1026,10900040801,4,16.741,1679.54,http://echo.epa.gov/detailed-facility-report?fid=110001942499
101,MA0000002512000068,3400624163,MA000A0000251200006890002,AFR,Administrative - Formal,S,SCAAAO,Administrative Order,08/29/2000,25000.0,QUAD GRAPHICS TAUNTON RETAIL,50 JOHN HANCOCK ROAD,TAUNTON,MA,2780,BRISTOL,1,41.905,-71.1026,10900040801,4,16.741,1679.54,http://echo.epa.gov/detailed-facility-report?fid=110001942499
102,MA0000002512000068,3400624165,MA000A0000251200006800053,AFR,Administrative - Formal,S,SCAAAO,Administrative Order,06/16/2009,17430.0,QUAD GRAPHICS TAUNTON RETAIL,50 JOHN HANCOCK ROAD,TAUNTON,MA,2780,BRISTOL,1,41.905,-71.1026,10900040801,4,16.741,1679.54,http://echo.epa.gov/detailed-facility-report?fid=110001942499
103,MA0000002512000068,3400624167,MA000A0000251200006800047,AFR,Administrative - Formal,S,SCAAAO,Administrative Order,11/17/2005,0.0,QUAD GRAPHICS TAUNTON RETAIL,50 JOHN HANCOCK ROAD,TAUNTON,MA,2780,BRISTOL,1,41.905,-71.1026,10900040801,4,16.741,1679.54,http://echo.epa.gov/detailed-facility-report?fid=110001942499
104,MA0000002512000012,3400755406,MA000A0000251200001200008,AFR,Administrative - Formal,S,SCAAAO,Administrative Order,09/29/1988,1000.0,COMPOSITE MODULES INC,61 UNION ST.,ATTLEBORO,MA,2703,BRISTOL,1,41.94232,-71.28251,10900040401,4,15.0,1478.09,http://echo.epa.gov/detailed-facility-report?fid=110000496026
105,MA0000002512000012,3400755417,MA000A0000251200001200026,AFR,Administrative - Formal,S,SCAAAO,Administrative Order,01/12/2000,30000.0,COMPOSITE MODULES INC,61 UNION ST.,ATTLEBORO,MA,2703,BRISTOL,1,41.94232,-71.28251,10900040401,4,15.0,1478.09,http://echo.epa.gov/detailed-facility-report?fid=110000496026
106,MA0000002512000344,3400430385,MA000A0000251200034400006,AFR,Administrative - Formal,S,SCAAAO,Administrative Order,11/15/1990,0.0,BABS FOUNDRY,135 E. HODGES STREET,NORTON,MA,2766,BRISTOL,1,41.92046,-71.18094,10900040302,4,6.2010000000000005,502.15,http://echo.epa.gov/detailed-facility-report?fid=110000795907
107,MA0000002512000063,3400657107,MA000A0000251200006300060,AFR,Administrative - Formal,S,SCAAAO,Administrative Order,11/30/2011,500.0,JEFFERSON DEVELOPMENT PARTNERS LLC,437 WHITTENTON ST,TAUNTON,MA,2780,BRISTOL,1,41.92333,-71.10549,10900040801,4,16.118,1570.25,http://echo.epa.gov/detailed-facility-report?fid=110024840243
108,MA0000002512000809,3400315489,MA000A0000251200080900014,AFR,Administrative - Formal,S,SCAAAO,Administrative Order,03/19/1990,0.0,STORETECH INC,44 PROBBER LANE,FALL RIVER,MA,2720,BRISTOL,1,41.726853999999996,-71.144789,10900040804,4,14.294,3754.8,http://echo.epa.gov/detailed-facility-report?fid=110001973927
109,MA0000002512001130,3600448334,MA000A200131074,AFR,Administrative - Formal,S,SCAAAO,Administrative Order,10/31/2014,460.0,SM LORUSSO,ELYSIUM ST,WRENTHAM,MA,2093,NORFOLK COUNTY,1,42.067001,-71.363556,10900010602,4,7.098,952.93,http://echo.epa.gov/detailed-facility-report?fid=110064845431
110,MA0000002512000123,3400315375,MA000A0000251200012300076,AFR,Administrative - Formal,S,SCAAAO,Administrative Order,06/29/2011,4500.0,CHARLTON MEMORIAL HOSPITAL,363 HIGHLAND AVENUE,FALL RIVER,MA,2720,BRISTOL,1,41.710371,-71.14692099999999,10900040804,4,15.355,4656.75,http://echo.epa.gov/detailed-facility-report?fid=110001949474
111,MA0000002512001504,3400507366,MA000A0000251200150490002,AFR,Administrative - Formal,S,SCAAAO,Administrative Order,04/15/1999,0.0,MILFORD POWER PLANT,108 NATIONAL ST,MILFORD,MA,1757,WORCESTER,1,42.128147999999996,-71.514298,10900010601,4,14.475,1383.85,http://echo.epa.gov/detailed-facility-report?fid=110001944353
112,MA0000002512001504,3400507369,MA000A0000251200150400068,AFR,Administrative - Formal,S,SCAAAO,Administrative Order,02/01/2001,750000.0,MILFORD POWER PLANT,108 NATIONAL ST,MILFORD,MA,1757,WORCESTER,1,42.128147999999996,-71.514298,10900010601,4,14.475,1383.85,http://echo.epa.gov/detailed-facility-report?fid=110001944353
113,MA0000002512001504,3400507371,MA000A0000251200150400045,AFR,Administrative - Formal,S,SCAAAO,Administrative Order,04/15/1999,50000.0,MILFORD POWER PLANT,108 NATIONAL ST,MILFORD,MA,1757,WORCESTER,1,42.128147999999996,-71.514298,10900010601,4,14.475,1383.85,http://echo.epa.gov/detailed-facility-report?fid=110001944353
114,MA0000002512000509,3601625144,MA000A200167901,AFR,Administrative - Formal,S,SCAAAO,Administrative Order,10/10/2018,1150.0,METFAB ENGINEERING INC,332 JOHN DIETSCH BOULEVARD,ATTLEBORO FALLS,MA,2763,BRISTOL,1,41.983462,-71.301355,10900040401,4,10.454,1614.02,http://echo.epa.gov/detailed-facility-report?fid=110000311966
115,MA0000002512000134,600045305,01-2007-1011,AFR,Administrative - Formal,E,113D1,CAA 113D1 Action For Penalty,06/01/2007,26500.0,TRELLEBORG COATING SYSTEMS ARCHER RUBBER,213 CENTRAL ST,MILFORD,MA,1757,WORCESTER,1,42.139179999999996,-71.51227,10900010601,4,14.559000000000001,1364.07,http://echo.epa.gov/detailed-facility-report?fid=110000309586
116,MA0000002512000134,3400553250,01-1987-A012,AFR,Administrative - Formal,E,120,CAA 120 AO For Noncompliance Penalty,12/19/1986,0.0,TRELLEBORG COATING SYSTEMS ARCHER RUBBER,213 CENTRAL ST,MILFORD,MA,1757,WORCESTER,1,42.139179999999996,-71.51227,10900010601,4,14.559000000000001,1364.07,http://echo.epa.gov/detailed-facility-report?fid=110000309586
117,MA0000002512000134,3400553252,01-2007-A014,AFR,Administrative - Formal,E,113D1,CAA 113D1 Action For Penalty,06/01/2007,26500.0,TRELLEBORG COATING SYSTEMS ARCHER RUBBER,213 CENTRAL ST,MILFORD,MA,1757,WORCESTER,1,42.139179999999996,-71.51227,10900010601,4,14.559000000000001,1364.07,http://echo.epa.gov/detailed-facility-report?fid=110000309586
118,MA0000002512000134,3400553254,01-2007-A015,AFR,Administrative - Formal,E,113D1,CAA 113D1 Action For Penalty,06/01/2007,26500.0,TRELLEBORG COATING SYSTEMS ARCHER RUBBER,213 CENTRAL ST,MILFORD,MA,1757,WORCESTER,1,42.139179999999996,-71.51227,10900010601,4,14.559000000000001,1364.07,http://echo.epa.gov/detailed-facility-report?fid=110000309586
119,MA0000002512000134,3400553274,MA000A0000251200013400073,AFR,Administrative - Formal,S,SCAAAO,Administrative Order,10/22/2008,8800.0,TRELLEBORG COATING SYSTEMS ARCHER RUBBER,213 CENTRAL ST,MILFORD,MA,1757,WORCESTER,1,42.139179999999996,-71.51227,10900010601,4,14.559000000000001,1364.07,http://echo.epa.gov/detailed-facility-report?fid=110000309586
120,MA0000002512000134,3400553276,MA000A0000251200013400050,AFR,Administrative - Formal,S,SCAAAO,Administrative Order,12/17/2004,7870.0,TRELLEBORG COATING SYSTEMS ARCHER RUBBER,213 CENTRAL ST,MILFORD,MA,1757,WORCESTER,1,42.139179999999996,-71.51227,10900010601,4,14.559000000000001,1364.07,http://echo.epa.gov/detailed-facility-report?fid=110000309586
121,MA0000002512000372,3400659489,MA000A0000251200037200041,AFR,Administrative - Formal,S,SCAAAO,Administrative Order,02/16/2007,6750.0,AMERICAN LIGHT FIXTURE,645 MYLES STANDISH BLVD.,TAUNTON,MA,2780,BRISTOL,1,41.96013,-71.12892,10900040801,4,8.823,641.68,http://echo.epa.gov/detailed-facility-report?fid=110000762657
122,MA0000002512000861,3400737609,MA000A0000251200086100020,AFR,Administrative - Formal,S,SCAAAO,Administrative Order,11/30/2011,500.0,CH YATES RUBBER COMPANY,222 SYKES RD.,FALL RIVER,MA,2720,BRISTOL,1,41.743829999999996,-71.11435,10900040804,4,7.894,1606.41,http://echo.epa.gov/detailed-facility-report?fid=110000762906
123,MA0000002512000188,3400598924,MA000A0000251200018800022,AFR,Administrative - Formal,S,SCAAAO,Administrative Order,07/13/2001,5000.0,B&J MANUFACTURING CO,55 CONSTITUTION DR,TAUNTON,MA,2780,BRISTOL COUNTY,1,41.943919,-71.130337,10900040302,4,9.759,827.03,http://echo.epa.gov/detailed-facility-report?fid=110000312037
124,MA0000002512000129,3400340864,MA000A0000251200012900040,AFR,Administrative - Formal,S,SCAAAO,Administrative Order,04/28/2014,3723.0,FRANKLIN PAINT CO,259 COTTAGE ST.,FRANKLIN,MA,2038,NORFOLK,1,42.075833,-71.406089,10900010601,4,8.335,1017.33,http://echo.epa.gov/detailed-facility-report?fid=110000310574
125,MA0000002512000137,3600698542,MA000A200135934,AFR,Administrative - Formal,S,SCAAAO,Administrative Order,04/15/2016,11502.0,VACUMET CORP. PAPERS DIVISION,24 FORGE PARK,FRANKLIN,MA,2038,NORFOLK,1,42.0782,-71.4384,10900010601,4,8.851,1035.27,http://echo.epa.gov/detailed-facility-report?fid=110001942391
126,MA0000002512000187,87720,01-2002-0200,AFR,Administrative - Formal,E,113A,CAA 113A Admin Compliance Order (Non-Penalty),04/10/2002,0.0,AUTOMATIC MACHINE PRODUCTS,17 WALL STREET,ATTLEBORO,MA,2703,BRISTOL,1,41.941975,-71.28507900000001,10900040401,4,15.074000000000002,1500.74,http://echo.epa.gov/detailed-facility-report?fid=110000311635
127,MA0000002512000187,3400782294,01-2002-A027,AFR,Administrative - Formal,E,113D1,CAA 113D1 Action For Penalty,09/30/2002,93000.0,AUTOMATIC MACHINE PRODUCTS,17 WALL STREET,ATTLEBORO,MA,2703,BRISTOL,1,41.941975,-71.28507900000001,10900040401,4,15.074000000000002,1500.74,http://echo.epa.gov/detailed-facility-report?fid=110000311635
128,MA0000002512000187,3400782296,01-2002-A026,AFR,Administrative - Formal,E,113A,CAA 113A Admin Compliance Order (Non-Penalty),04/10/2002,0.0,AUTOMATIC MACHINE PRODUCTS,17 WALL STREET,ATTLEBORO,MA,2703,BRISTOL,1,41.941975,-71.28507900000001,10900040401,4,15.074000000000002,1500.74,http://echo.epa.gov/detailed-facility-report?fid=110000311635
129,MA0000002512000187,3400782306,MA000A0000251200018700021,AFR,Administrative - Formal,S,SCAAAO,Administrative Order,05/04/1994,0.0,AUTOMATIC MACHINE PRODUCTS,17 WALL STREET,ATTLEBORO,MA,2703,BRISTOL,1,41.941975,-71.28507900000001,10900040401,4,15.074000000000002,1500.74,http://echo.epa.gov/detailed-facility-report?fid=110000311635
130,MA0000002512000187,3400782308,MA000A0000251200018700017,AFR,Administrative - Formal,S,SCAAAO,Administrative Order,07/10/1992,0.0,AUTOMATIC MACHINE PRODUCTS,17 WALL STREET,ATTLEBORO,MA,2703,BRISTOL,1,41.941975,-71.28507900000001,10900040401,4,15.074000000000002,1500.74,http://echo.epa.gov/detailed-facility-report?fid=110000311635
131,MA0000002512000187,3400782310,MA000A0000251200018700016,AFR,Administrative - Formal,S,SCAAAO,Administrative Order,04/30/1992,0.0,AUTOMATIC MACHINE PRODUCTS,17 WALL STREET,ATTLEBORO,MA,2703,BRISTOL,1,41.941975,-71.28507900000001,10900040401,4,15.074000000000002,1500.74,http://echo.epa.gov/detailed-facility-report?fid=110000311635
132,MA0000002511901973,3400684253,MA000A0000251190197300003,AFR,Administrative - Formal,S,SCAAAO,Administrative Order,06/22/2005,31635.0,SUN LIFE ASSURANCE CO OF CANADA,1 SUN LIFE EXECUTIVE PARK,WELLESLEY,MA,2481,NORFOLK,1,42.313393,-71.23875100000001,10900010703,4,17.054000000000002,3305.32,http://echo.epa.gov/detailed-facility-report?fid=110022937633
133,MA0000002512000125,3400657170,MA000A0000251200012500099,AFR,Administrative - Formal,S,SCAAAO,Administrative Order,05/17/1999,7500.0,SCHNEIDER ELECTRIC,38 NEPONSET AVE,FOXBORO,MA,2035,NORFOLK,1,42.06844,-71.2474,10900040302,4,11.98,893.74,http://echo.epa.gov/detailed-facility-report?fid=110000310565
134,MA0000002512000127,3400471832,MA000A0000251200012700055,AFR,Administrative - Formal,S,SCAAAO,Administrative Order,02/12/1999,5200.0,CLARK CUTLER MCDERMOTT,5 FISHER STREET,FRANKLIN,MA,2038,NORFOLK,1,42.08238,-71.407,10900010601,4,8.404,1046.97,http://echo.epa.gov/detailed-facility-report?fid=110001949492
135,MA0000002512000127,3400471834,MA000A0000251200012700007,AFR,Administrative - Formal,S,SCAAAO,Administrative Order,12/01/1987,1000.0,CLARK CUTLER MCDERMOTT,5 FISHER STREET,FRANKLIN,MA,2038,NORFOLK,1,42.08238,-71.407,10900010601,4,8.404,1046.97,http://echo.epa.gov/detailed-facility-report?fid=110001949492
136,MA0000002512000205,3400669184,MA000A0000251200020500012,AFR,Administrative - Formal,S,SCAAAO,Administrative Order,08/26/2003,17900.0,VARNEY BROTHERS SAND & GRAVEL INC,79 HARTFORD AVENUE,BELLINGHAM,MA,2019,NORFOLK,1,42.110996,-71.489737,10900010601,4,14.225999999999999,1035.64,http://echo.epa.gov/detailed-facility-report?fid=110002017638
137,MA0000002512000868,86478,01-2002-0155,AFR,Administrative - Formal,E,113D1,CAA 113D1 Action For Penalty,11/13/2002,31080.0,GARELICK FARMS MILK PRODUCTION FACILITY,1199 WEST CENTRAL ST,FRANKLIN,MA,2038,NORFOLK,1,42.087385999999995,-71.445916,10900010601,4,9.015,1058.98,http://echo.epa.gov/detailed-facility-report?fid=110000310583
138,MA0000002512000868,3400409812,MA000A0000251200086800055,AFR,Administrative - Formal,S,SCAAAO,Administrative Order,02/12/2010,15000.0,GARELICK FARMS MILK PRODUCTION FACILITY,1199 WEST CENTRAL ST,FRANKLIN,MA,2038,NORFOLK,1,42.087385999999995,-71.445916,10900010601,4,9.015,1058.98,http://echo.epa.gov/detailed-facility-report?fid=110000310583
139,MA0000002511902312,3400426694,MA000A0000251190231200013,AFR,Administrative - Formal,S,SCAAAO,Administrative Order,03/14/1995,0.0,PHARMASOL CONTRACT DEVELOPMENT & MANUFACTURING,1 NORFOLK AVE,SOUTH EASTON,MA,2375,BRISTOL,1,42.050641,-71.07300000000001,10900040103,4,31.595,1562.18,http://echo.epa.gov/detailed-facility-report?fid=110000882368
140,MA0000002511902312,3400426692,MA000A0000251190231200054,AFR,Administrative - Formal,S,SCAAAO,Administrative Order,01/19/2011,6946.0,PHARMASOL CONTRACT DEVELOPMENT & MANUFACTURING,1 NORFOLK AVE,SOUTH EASTON,MA,2375,BRISTOL,1,42.050641,-71.07300000000001,10900040103,4,31.595,1562.18,http://echo.epa.gov/detailed-facility-report?fid=110000882368
141,MA0000002511901047,3400555212,MA000A0000251190104700023,AFR,Administrative - Formal,S,SCAAAO,Administrative Order,11/30/2011,500.0,MARRIOTT HOTEL,2345 COMMONWEALTH AV,NEWTON,MA,2466,MIDDLESEX,1,42.34636,-71.25659,10900010703,4,25.65,3484.94,http://echo.epa.gov/detailed-facility-report?fid=110007369917
142,MA0000002512001540,3400669277,MA000A0000251200154000005,AFR,Administrative - Formal,S,SCAAAO,Administrative Order,11/01/2004,5750.0,ADVANCED SIGNING INCORPORATED,4 INDUSTRIAL PARK ROAD,MEDWAY,MA,2053,NORFOLK,1,42.15733,-71.39226,10900010603,4,6.545,914.02,http://echo.epa.gov/detailed-facility-report?fid=110044358637
143,MA0000002512000791,3400744148,MA000A0000251200079100015,AFR,Administrative - Formal,S,SCAAAO,Administrative Order,11/30/2011,500.0,UNION ENERGY CORP,86 INTERVALE STREET,ATTLEBORO,MA,2703,SE MASSACHESETTS,1,41.933939,-71.294789,10900040401,4,15.697000000000001,1469.24,http://echo.epa.gov/detailed-facility-report?fid=110024807752
144,MA0000002511902024,3400745780,01-2006-A041,AFR,Administrative - Formal,E,113D1,CAA 113D1 Action For Penalty,07/21/2006,151676.0,HUTCHINSON AEROSPACE & INDUSTRY INC,82 SOUTH ST,HOPKINTON,MA,1748,MIDDLESEX,1,42.200818,-71.546927,10900030205,4,9.725,716.49,http://echo.epa.gov/detailed-facility-report?fid=110024314213
145,MA0000002511902024,3400745782,01-2006-A042,AFR,Administrative - Formal,E,113D1,CAA 113D1 Action For Penalty,07/21/2006,80000.0,HUTCHINSON AEROSPACE & INDUSTRY INC,82 SOUTH ST,HOPKINTON,MA,1748,MIDDLESEX,1,42.200818,-71.546927,10900030205,4,9.725,716.49,http://echo.epa.gov/detailed-facility-report?fid=110024314213
146,MA0000002512000638,3400443445,MA000A0000251200063800018,AFR,Administrative - Formal,S,SCAAAO,Administrative Order,04/04/2013,460.0,VICTOR INNOVATIVE TEXTILES,81 COMMERCE DRIVE,FALL RIVER,MA,2720,BRISTOL,1,41.751308,-71.114646,10900040804,4,7.899,1381.68,http://echo.epa.gov/detailed-facility-report?fid=110010431069
147,MA0000002512000985,3400520681,MA000A0000251200098500002,AFR,Administrative - Formal,S,SCAAAO,Administrative Order,01/20/2009,17250.0,ELECTROCHEM SOLUTIONS,670 PARAMOUNT DR,RAYNHAM,MA,2767,BRISTOL,1,41.90385,-71.02353000000001,10900040204,4,10.765,748.49,http://echo.epa.gov/detailed-facility-report?fid=110037190848
148,MA0000002511900581,3400314628,MA000A0000251190058100061,AFR,Administrative - Formal,S,SCAAAO,Administrative Order,09/13/2005,0.0,MCI NORFOLK,2 CLARK ST,NORFOLK,MA,2056,NORFOLK,1,42.12148,-71.30382,10900010604,4,12.658,784.08,http://echo.epa.gov/detailed-facility-report?fid=110001940366
149,MA0000002511800359,3400687205,MA000A0000251180035900015,AFR,Administrative - Formal,S,SCAAAO,Administrative Order,04/15/2008,500.0,RILEY BROTHERS,MAPLE ST,BELLINGHAM,MA,2019,NORFOLK,1,42.08549,-71.45187,10900010601,4,8.845,976.54,http://echo.epa.gov/detailed-facility-report?fid=110013814033
150,MA0000002512000350,3400659475,MA000A0000251200035090011,AFR,Administrative - Formal,S,SCAAAO,Administrative Order,04/10/1984,0.0,AGGREGATE INDUSTRIES NORTHEAST REGION,3 BELCHER ST,PLAINVILLE,MA,2762,NORFOLK,1,42.038759999999996,-71.30122,10900040301,4,5.837999999999999,742.06,http://echo.epa.gov/detailed-facility-report?fid=110011137607
151,MA0000002511900246,3400777023,MA000A0000251190024690003,AFR,Administrative - Formal,S,SCAAAO,Administrative Order,01/19/1978,0.0,CARITAS SOUTHWOOD HOSPITAL (FORMER),111 DEDHAM STREET,NORFOLK,MA,2056,NORFOLK,1,42.096209,-71.292638,10900010604,4,13.173,817.48,http://echo.epa.gov/detailed-facility-report?fid=110009917420
152,MA0000002511900246,3400777025,MA000A0000251190024690002,AFR,Administrative - Formal,S,SCAAAO,Administrative Order,01/19/1978,0.0,CARITAS SOUTHWOOD HOSPITAL (FORMER),111 DEDHAM STREET,NORFOLK,MA,2056,NORFOLK,1,42.096209,-71.292638,10900010604,4,13.173,817.48,http://echo.epa.gov/detailed-facility-report?fid=110009917420
