REGISTRY_ID,REPORTING_YEAR,PGM_SYS_ACRNM,PGM_SYS_ID,POLLUTANT_NAME,ANNUAL_EMISSION,UNIT_OF_MEASURE,NEI_TYPE,NEI_HAP_VOC_FLAG,FAC_NAME,FAC_STREET,FAC_CITY,FAC_STATE,FAC_ZIP,FAC_COUNTY,FAC_EPA_REGION,FAC_LAT,FAC_LONG,FAC_DERIVED_WBD,FAC_DERIVED_CD113,FAC_PERCENT_MINORITY,FAC_POP_DEN,DFR_URL
110000311779,2010,E-GGRT,1000660,Methane,1.425,MTCO2e,,,SOMERSET POWER GENERATING STATION,1606 RIVERSIDE AVENUE,SOMERSET,MA,2726,BRISTOL,1,41.7378,-71.1453,10900040804,4,11.815,2621.5,http://echo.epa.gov/detailed-facility-report?fid=110000311779
110000311779,2010,E-GGRT,1000660,Carbon dioxide,1585.5,MTCO2e,,,SOMERSET POWER GENERATING STATION,1606 RIVERSIDE AVENUE,SOMERSET,MA,2726,BRISTOL,1,41.7378,-71.1453,10900040804,4,11.815,2621.5,http://echo.epa.gov/detailed-facility-report?fid=110000311779
110000311779,2010,E-GGRT,1000660,Nitrous oxide,5.066,MTCO2e,,,SOMERSET POWER GENERATING STATION,1606 RIVERSIDE AVENUE,SOMERSET,MA,2726,BRISTOL,1,41.7378,-71.1453,10900040804,4,11.815,2621.5,http://echo.epa.gov/detailed-facility-report?fid=110000311779
110002000931,2017,E-GGRT,1004557,Methane,2883.0,MTCO2e,,,PLAINVILLE LANDFILL,14 BELCHER STREET,PLAINVILLE,MA,2762,NORFOLK,1,42.039162,-71.29993,10900040301,4,5.91,743.41,http://echo.epa.gov/detailed-facility-report?fid=110002000931
110002000931,2017,E-GGRT,1004557,Carbon dioxide,7.3,MTCO2e,,,PLAINVILLE LANDFILL,14 BELCHER STREET,PLAINVILLE,MA,2762,NORFOLK,1,42.039162,-71.29993,10900040301,4,5.91,743.41,http://echo.epa.gov/detailed-facility-report?fid=110002000931
110002000931,2016,E-GGRT,1004557,Methane,2735.25,MTCO2e,,,PLAINVILLE LANDFILL,14 BELCHER STREET,PLAINVILLE,MA,2762,NORFOLK,1,42.039162,-71.29993,10900040301,4,5.91,743.41,http://echo.epa.gov/detailed-facility-report?fid=110002000931
110002000931,2015,E-GGRT,1004557,Methane,4309.75,MTCO2e,,,PLAINVILLE LANDFILL,14 BELCHER STREET,PLAINVILLE,MA,2762,NORFOLK,1,42.039162,-71.29993,10900040301,4,5.91,743.41,http://echo.epa.gov/detailed-facility-report?fid=110002000931
110002000931,2012,E-GGRT,1004557,Methane,6285.0,MTCO2e,,,PLAINVILLE LANDFILL,14 BELCHER STREET,PLAINVILLE,MA,2762,NORFOLK,1,42.039162,-71.29993,10900040301,4,5.91,743.41,http://echo.epa.gov/detailed-facility-report?fid=110002000931
110002000931,2010,E-GGRT,1004557,Methane,7820.0,MTCO2e,,,PLAINVILLE LANDFILL,14 BELCHER STREET,PLAINVILLE,MA,2762,NORFOLK,1,42.039162,-71.29993,10900040301,4,5.91,743.41,http://echo.epa.gov/detailed-facility-report?fid=110002000931
110002000931,2018,E-GGRT,1004557,Methane,3254.5,MTCO2e,,,PLAINVILLE LANDFILL,14 BELCHER STREET,PLAINVILLE,MA,2762,NORFOLK,1,42.039162,-71.29993,10900040301,4,5.91,743.41,http://echo.epa.gov/detailed-facility-report?fid=110002000931
110002000931,2014,E-GGRT,1004557,Methane,4483.75,MTCO2e,,,PLAINVILLE LANDFILL,14 BELCHER STREET,PLAINVILLE,MA,2762,NORFOLK,1,42.039162,-71.29993,10900040301,4,5.91,743.41,http://echo.epa.gov/detailed-facility-report?fid=110002000931
110002000931,2016,E-GGRT,1004557,Carbon dioxide,5.9,MTCO2e,,,PLAINVILLE LANDFILL,14 BELCHER STREET,PLAINVILLE,MA,2762,NORFOLK,1,42.039162,-71.29993,10900040301,4,5.91,743.41,http://echo.epa.gov/detailed-facility-report?fid=110002000931
110002000931,2015,E-GGRT,1004557,Carbon dioxide,5.8,MTCO2e,,,PLAINVILLE LANDFILL,14 BELCHER STREET,PLAINVILLE,MA,2762,NORFOLK,1,42.039162,-71.29993,10900040301,4,5.91,743.41,http://echo.epa.gov/detailed-facility-report?fid=110002000931
110002000931,2011,E-GGRT,1004557,Carbon dioxide,6.7,MTCO2e,,,PLAINVILLE LANDFILL,14 BELCHER STREET,PLAINVILLE,MA,2762,NORFOLK,1,42.039162,-71.29993,10900040301,4,5.91,743.41,http://echo.epa.gov/detailed-facility-report?fid=110002000931
110002000931,2014,E-GGRT,1004557,Carbon dioxide,6.0,MTCO2e,,,PLAINVILLE LANDFILL,14 BELCHER STREET,PLAINVILLE,MA,2762,NORFOLK,1,42.039162,-71.29993,10900040301,4,5.91,743.41,http://echo.epa.gov/detailed-facility-report?fid=110002000931
110002000931,2012,E-GGRT,1004557,Carbon dioxide,4.6,MTCO2e,,,PLAINVILLE LANDFILL,14 BELCHER STREET,PLAINVILLE,MA,2762,NORFOLK,1,42.039162,-71.29993,10900040301,4,5.91,743.41,http://echo.epa.gov/detailed-facility-report?fid=110002000931
110002000931,2013,E-GGRT,1004557,Methane,5437.5,MTCO2e,,,PLAINVILLE LANDFILL,14 BELCHER STREET,PLAINVILLE,MA,2762,NORFOLK,1,42.039162,-71.29993,10900040301,4,5.91,743.41,http://echo.epa.gov/detailed-facility-report?fid=110002000931
110002000931,2013,E-GGRT,1004557,Carbon dioxide,4.9,MTCO2e,,,PLAINVILLE LANDFILL,14 BELCHER STREET,PLAINVILLE,MA,2762,NORFOLK,1,42.039162,-71.29993,10900040301,4,5.91,743.41,http://echo.epa.gov/detailed-facility-report?fid=110002000931
110002000931,2010,E-GGRT,1004557,Carbon dioxide,6.0,MTCO2e,,,PLAINVILLE LANDFILL,14 BELCHER STREET,PLAINVILLE,MA,2762,NORFOLK,1,42.039162,-71.29993,10900040301,4,5.91,743.41,http://echo.epa.gov/detailed-facility-report?fid=110002000931
110002000931,2018,E-GGRT,1004557,Carbon dioxide,3.3,MTCO2e,,,PLAINVILLE LANDFILL,14 BELCHER STREET,PLAINVILLE,MA,2762,NORFOLK,1,42.039162,-71.29993,10900040301,4,5.91,743.41,http://echo.epa.gov/detailed-facility-report?fid=110002000931
110002000931,2011,E-GGRT,1004557,Methane,6530.0,MTCO2e,,,PLAINVILLE LANDFILL,14 BELCHER STREET,PLAINVILLE,MA,2762,NORFOLK,1,42.039162,-71.29993,10900040301,4,5.91,743.41,http://echo.epa.gov/detailed-facility-report?fid=110002000931
110028092597,2013,E-GGRT,1007239,Carbon dioxide,3289848.9,MTCO2e,,,DOMINION ENERGY BRAYTON POINT POWER PLANT,1 BRAYTON POINT RD,SOMERSET,MA,2725,BRISTOL,1,41.709989,-71.192441,10900040804,4,14.955,4280.51,http://echo.epa.gov/detailed-facility-report?fid=110028092597
110028092597,2010,E-GGRT,1007239,Methane,17655.5,MTCO2e,,,DOMINION ENERGY BRAYTON POINT POWER PLANT,1 BRAYTON POINT RD,SOMERSET,MA,2725,BRISTOL,1,41.709989,-71.192441,10900040804,4,14.955,4280.51,http://echo.epa.gov/detailed-facility-report?fid=110028092597
110028092597,2017,E-GGRT,1007239,Methane,3344.675,MTCO2e,,,DOMINION ENERGY BRAYTON POINT POWER PLANT,1 BRAYTON POINT RD,SOMERSET,MA,2725,BRISTOL,1,41.709989,-71.192441,10900040804,4,14.955,4280.51,http://echo.epa.gov/detailed-facility-report?fid=110028092597
110028092597,2012,E-GGRT,1007239,Carbon dioxide,1819093.5,MTCO2e,,,DOMINION ENERGY BRAYTON POINT POWER PLANT,1 BRAYTON POINT RD,SOMERSET,MA,2725,BRISTOL,1,41.709989,-71.192441,10900040804,4,14.955,4280.51,http://echo.epa.gov/detailed-facility-report?fid=110028092597
110028092597,2013,E-GGRT,1007239,Methane,9483.975,MTCO2e,,,DOMINION ENERGY BRAYTON POINT POWER PLANT,1 BRAYTON POINT RD,SOMERSET,MA,2725,BRISTOL,1,41.709989,-71.192441,10900040804,4,14.955,4280.51,http://echo.epa.gov/detailed-facility-report?fid=110028092597
110028092597,2012,E-GGRT,1007239,Methane,5179.5,MTCO2e,,,DOMINION ENERGY BRAYTON POINT POWER PLANT,1 BRAYTON POINT RD,SOMERSET,MA,2725,BRISTOL,1,41.709989,-71.192441,10900040804,4,14.955,4280.51,http://echo.epa.gov/detailed-facility-report?fid=110028092597
110028092597,2014,E-GGRT,1007239,Methane,6922.525,MTCO2e,,,DOMINION ENERGY BRAYTON POINT POWER PLANT,1 BRAYTON POINT RD,SOMERSET,MA,2725,BRISTOL,1,41.709989,-71.192441,10900040804,4,14.955,4280.51,http://echo.epa.gov/detailed-facility-report?fid=110028092597
110028092597,2015,E-GGRT,1007239,Nitrous oxide,10882.066,MTCO2e,,,DOMINION ENERGY BRAYTON POINT POWER PLANT,1 BRAYTON POINT RD,SOMERSET,MA,2725,BRISTOL,1,41.709989,-71.192441,10900040804,4,14.955,4280.51,http://echo.epa.gov/detailed-facility-report?fid=110028092597
110028092597,2015,E-GGRT,1007239,Methane,6262.375,MTCO2e,,,DOMINION ENERGY BRAYTON POINT POWER PLANT,1 BRAYTON POINT RD,SOMERSET,MA,2725,BRISTOL,1,41.709989,-71.192441,10900040804,4,14.955,4280.51,http://echo.epa.gov/detailed-facility-report?fid=110028092597
110028092597,2016,E-GGRT,1007239,Carbon dioxide,1919145.4,MTCO2e,,,DOMINION ENERGY BRAYTON POINT POWER PLANT,1 BRAYTON POINT RD,SOMERSET,MA,2725,BRISTOL,1,41.709989,-71.192441,10900040804,4,14.955,4280.51,http://echo.epa.gov/detailed-facility-report?fid=110028092597
110028092597,2011,E-GGRT,1007239,Methane,9301.75,MTCO2e,,,DOMINION ENERGY BRAYTON POINT POWER PLANT,1 BRAYTON POINT RD,SOMERSET,MA,2725,BRISTOL,1,41.709989,-71.192441,10900040804,4,14.955,4280.51,http://echo.epa.gov/detailed-facility-report?fid=110028092597
110028092597,2016,E-GGRT,1007239,Nitrous oxide,9683.51,MTCO2e,,,DOMINION ENERGY BRAYTON POINT POWER PLANT,1 BRAYTON POINT RD,SOMERSET,MA,2725,BRISTOL,1,41.709989,-71.192441,10900040804,4,14.955,4280.51,http://echo.epa.gov/detailed-facility-report?fid=110028092597
110028092597,2014,E-GGRT,1007239,Nitrous oxide,12000.46,MTCO2e,,,DOMINION ENERGY BRAYTON POINT POWER PLANT,1 BRAYTON POINT RD,SOMERSET,MA,2725,BRISTOL,1,41.709989,-71.192441,10900040804,4,14.955,4280.51,http://echo.epa.gov/detailed-facility-report?fid=110028092597
110028092597,2013,E-GGRT,1007239,Nitrous oxide,16438.574,MTCO2e,,,DOMINION ENERGY BRAYTON POINT POWER PLANT,1 BRAYTON POINT RD,SOMERSET,MA,2725,BRISTOL,1,41.709989,-71.192441,10900040804,4,14.955,4280.51,http://echo.epa.gov/detailed-facility-report?fid=110028092597
110028092597,2010,E-GGRT,1007239,Carbon dioxide,5810450.1,MTCO2e,,,DOMINION ENERGY BRAYTON POINT POWER PLANT,1 BRAYTON POINT RD,SOMERSET,MA,2725,BRISTOL,1,41.709989,-71.192441,10900040804,4,14.955,4280.51,http://echo.epa.gov/detailed-facility-report?fid=110028092597
110028092597,2016,E-GGRT,1007239,Methane,5589.65,MTCO2e,,,DOMINION ENERGY BRAYTON POINT POWER PLANT,1 BRAYTON POINT RD,SOMERSET,MA,2725,BRISTOL,1,41.709989,-71.192441,10900040804,4,14.955,4280.51,http://echo.epa.gov/detailed-facility-report?fid=110028092597
110028092597,2014,E-GGRT,1007239,Carbon dioxide,2429342.0,MTCO2e,,,DOMINION ENERGY BRAYTON POINT POWER PLANT,1 BRAYTON POINT RD,SOMERSET,MA,2725,BRISTOL,1,41.709989,-71.192441,10900040804,4,14.955,4280.51,http://echo.epa.gov/detailed-facility-report?fid=110028092597
110028092597,2010,E-GGRT,1007239,Nitrous oxide,30603.408,MTCO2e,,,DOMINION ENERGY BRAYTON POINT POWER PLANT,1 BRAYTON POINT RD,SOMERSET,MA,2725,BRISTOL,1,41.709989,-71.192441,10900040804,4,14.955,4280.51,http://echo.epa.gov/detailed-facility-report?fid=110028092597
110028092597,2011,E-GGRT,1007239,Nitrous oxide,16103.026000000002,MTCO2e,,,DOMINION ENERGY BRAYTON POINT POWER PLANT,1 BRAYTON POINT RD,SOMERSET,MA,2725,BRISTOL,1,41.709989,-71.192441,10900040804,4,14.955,4280.51,http://echo.epa.gov/detailed-facility-report?fid=110028092597
110028092597,2017,E-GGRT,1007239,Nitrous oxide,5796.398,MTCO2e,,,DOMINION ENERGY BRAYTON POINT POWER PLANT,1 BRAYTON POINT RD,SOMERSET,MA,2725,BRISTOL,1,41.709989,-71.192441,10900040804,4,14.955,4280.51,http://echo.epa.gov/detailed-facility-report?fid=110028092597
110028092597,2011,E-GGRT,1007239,Carbon dioxide,3126559.0,MTCO2e,,,DOMINION ENERGY BRAYTON POINT POWER PLANT,1 BRAYTON POINT RD,SOMERSET,MA,2725,BRISTOL,1,41.709989,-71.192441,10900040804,4,14.955,4280.51,http://echo.epa.gov/detailed-facility-report?fid=110028092597
110028092597,2017,E-GGRT,1007239,Carbon dioxide,1144378.4,MTCO2e,,,DOMINION ENERGY BRAYTON POINT POWER PLANT,1 BRAYTON POINT RD,SOMERSET,MA,2725,BRISTOL,1,41.709989,-71.192441,10900040804,4,14.955,4280.51,http://echo.epa.gov/detailed-facility-report?fid=110028092597
110028092597,2015,E-GGRT,1007239,Carbon dioxide,2267398.3,MTCO2e,,,DOMINION ENERGY BRAYTON POINT POWER PLANT,1 BRAYTON POINT RD,SOMERSET,MA,2725,BRISTOL,1,41.709989,-71.192441,10900040804,4,14.955,4280.51,http://echo.epa.gov/detailed-facility-report?fid=110028092597
110028092597,2012,E-GGRT,1007239,Nitrous oxide,8949.536,MTCO2e,,,DOMINION ENERGY BRAYTON POINT POWER PLANT,1 BRAYTON POINT RD,SOMERSET,MA,2725,BRISTOL,1,41.709989,-71.192441,10900040804,4,14.955,4280.51,http://echo.epa.gov/detailed-facility-report?fid=110028092597
110000834900,2016,E-GGRT,1000006,Nitrous oxide,16.986,MTCO2e,,,SAINT GOBAIN CONTAINERS,1 NATIONAL ST,MILFORD,MA,1757,WORCESTER,1,42.127778,-71.51055600000001,10900010601,4,14.458,1385.85,http://echo.epa.gov/detailed-facility-report?fid=110000834900
110000834900,2010,E-GGRT,1000006,Methane,17.5,MTCO2e,,,SAINT GOBAIN CONTAINERS,1 NATIONAL ST,MILFORD,MA,1757,WORCESTER,1,42.127778,-71.51055600000001,10900010601,4,14.458,1385.85,http://echo.epa.gov/detailed-facility-report?fid=110000834900
110000834900,2012,E-GGRT,1000006,Carbon dioxide,45254.0,MTCO2e,,,SAINT GOBAIN CONTAINERS,1 NATIONAL ST,MILFORD,MA,1757,WORCESTER,1,42.127778,-71.51055600000001,10900010601,4,14.458,1385.85,http://echo.epa.gov/detailed-facility-report?fid=110000834900
110000834900,2018,E-GGRT,1000006,Carbon dioxide,9735.7,MTCO2e,,,SAINT GOBAIN CONTAINERS,1 NATIONAL ST,MILFORD,MA,1757,WORCESTER,1,42.127778,-71.51055600000001,10900010601,4,14.458,1385.85,http://echo.epa.gov/detailed-facility-report?fid=110000834900
110000834900,2013,E-GGRT,1000006,Nitrous oxide,21.456,MTCO2e,,,SAINT GOBAIN CONTAINERS,1 NATIONAL ST,MILFORD,MA,1757,WORCESTER,1,42.127778,-71.51055600000001,10900010601,4,14.458,1385.85,http://echo.epa.gov/detailed-facility-report?fid=110000834900
110000834900,2018,E-GGRT,1000006,Methane,4.25,MTCO2e,,,SAINT GOBAIN CONTAINERS,1 NATIONAL ST,MILFORD,MA,1757,WORCESTER,1,42.127778,-71.51055600000001,10900010601,4,14.458,1385.85,http://echo.epa.gov/detailed-facility-report?fid=110000834900
110000834900,2011,E-GGRT,1000006,Nitrous oxide,21.158,MTCO2e,,,SAINT GOBAIN CONTAINERS,1 NATIONAL ST,MILFORD,MA,1757,WORCESTER,1,42.127778,-71.51055600000001,10900010601,4,14.458,1385.85,http://echo.epa.gov/detailed-facility-report?fid=110000834900
110000834900,2010,E-GGRT,1000006,Nitrous oxide,20.86,MTCO2e,,,SAINT GOBAIN CONTAINERS,1 NATIONAL ST,MILFORD,MA,1757,WORCESTER,1,42.127778,-71.51055600000001,10900010601,4,14.458,1385.85,http://echo.epa.gov/detailed-facility-report?fid=110000834900
110000834900,2012,E-GGRT,1000006,Methane,18.25,MTCO2e,,,SAINT GOBAIN CONTAINERS,1 NATIONAL ST,MILFORD,MA,1757,WORCESTER,1,42.127778,-71.51055600000001,10900010601,4,14.458,1385.85,http://echo.epa.gov/detailed-facility-report?fid=110000834900
110000834900,2018,E-GGRT,1000006,Nitrous oxide,5.066,MTCO2e,,,SAINT GOBAIN CONTAINERS,1 NATIONAL ST,MILFORD,MA,1757,WORCESTER,1,42.127778,-71.51055600000001,10900010601,4,14.458,1385.85,http://echo.epa.gov/detailed-facility-report?fid=110000834900
110000834900,2013,E-GGRT,1000006,Methane,18.0,MTCO2e,,,SAINT GOBAIN CONTAINERS,1 NATIONAL ST,MILFORD,MA,1757,WORCESTER,1,42.127778,-71.51055600000001,10900010601,4,14.458,1385.85,http://echo.epa.gov/detailed-facility-report?fid=110000834900
110000834900,2017,E-GGRT,1000006,Nitrous oxide,19.37,MTCO2e,,,SAINT GOBAIN CONTAINERS,1 NATIONAL ST,MILFORD,MA,1757,WORCESTER,1,42.127778,-71.51055600000001,10900010601,4,14.458,1385.85,http://echo.epa.gov/detailed-facility-report?fid=110000834900
110000834900,2016,E-GGRT,1000006,Methane,14.25,MTCO2e,,,SAINT GOBAIN CONTAINERS,1 NATIONAL ST,MILFORD,MA,1757,WORCESTER,1,42.127778,-71.51055600000001,10900010601,4,14.458,1385.85,http://echo.epa.gov/detailed-facility-report?fid=110000834900
110000834900,2015,E-GGRT,1000006,Methane,18.25,MTCO2e,,,SAINT GOBAIN CONTAINERS,1 NATIONAL ST,MILFORD,MA,1757,WORCESTER,1,42.127778,-71.51055600000001,10900010601,4,14.458,1385.85,http://echo.epa.gov/detailed-facility-report?fid=110000834900
110000834900,2014,E-GGRT,1000006,Nitrous oxide,21.158,MTCO2e,,,SAINT GOBAIN CONTAINERS,1 NATIONAL ST,MILFORD,MA,1757,WORCESTER,1,42.127778,-71.51055600000001,10900010601,4,14.458,1385.85,http://echo.epa.gov/detailed-facility-report?fid=110000834900
110000834900,2013,E-GGRT,1000006,Carbon dioxide,42608.7,MTCO2e,,,SAINT GOBAIN CONTAINERS,1 NATIONAL ST,MILFORD,MA,1757,WORCESTER,1,42.127778,-71.51055600000001,10900010601,4,14.458,1385.85,http://echo.epa.gov/detailed-facility-report?fid=110000834900
110000834900,2015,E-GGRT,1000006,Carbon dioxide,41208.5,MTCO2e,,,SAINT GOBAIN CONTAINERS,1 NATIONAL ST,MILFORD,MA,1757,WORCESTER,1,42.127778,-71.51055600000001,10900010601,4,14.458,1385.85,http://echo.epa.gov/detailed-facility-report?fid=110000834900
110000834900,2011,E-GGRT,1000006,Carbon dioxide,43395.5,MTCO2e,,,SAINT GOBAIN CONTAINERS,1 NATIONAL ST,MILFORD,MA,1757,WORCESTER,1,42.127778,-71.51055600000001,10900010601,4,14.458,1385.85,http://echo.epa.gov/detailed-facility-report?fid=110000834900
110000834900,2017,E-GGRT,1000006,Carbon dioxide,37284.6,MTCO2e,,,SAINT GOBAIN CONTAINERS,1 NATIONAL ST,MILFORD,MA,1757,WORCESTER,1,42.127778,-71.51055600000001,10900010601,4,14.458,1385.85,http://echo.epa.gov/detailed-facility-report?fid=110000834900
110000834900,2017,E-GGRT,1000006,Methane,16.25,MTCO2e,,,SAINT GOBAIN CONTAINERS,1 NATIONAL ST,MILFORD,MA,1757,WORCESTER,1,42.127778,-71.51055600000001,10900010601,4,14.458,1385.85,http://echo.epa.gov/detailed-facility-report?fid=110000834900
110000834900,2011,E-GGRT,1000006,Methane,17.75,MTCO2e,,,SAINT GOBAIN CONTAINERS,1 NATIONAL ST,MILFORD,MA,1757,WORCESTER,1,42.127778,-71.51055600000001,10900010601,4,14.458,1385.85,http://echo.epa.gov/detailed-facility-report?fid=110000834900
110000834900,2014,E-GGRT,1000006,Carbon dioxide,42275.0,MTCO2e,,,SAINT GOBAIN CONTAINERS,1 NATIONAL ST,MILFORD,MA,1757,WORCESTER,1,42.127778,-71.51055600000001,10900010601,4,14.458,1385.85,http://echo.epa.gov/detailed-facility-report?fid=110000834900
110000834900,2014,E-GGRT,1000006,Methane,17.75,MTCO2e,,,SAINT GOBAIN CONTAINERS,1 NATIONAL ST,MILFORD,MA,1757,WORCESTER,1,42.127778,-71.51055600000001,10900010601,4,14.458,1385.85,http://echo.epa.gov/detailed-facility-report?fid=110000834900
110000834900,2012,E-GGRT,1000006,Nitrous oxide,21.456,MTCO2e,,,SAINT GOBAIN CONTAINERS,1 NATIONAL ST,MILFORD,MA,1757,WORCESTER,1,42.127778,-71.51055600000001,10900010601,4,14.458,1385.85,http://echo.epa.gov/detailed-facility-report?fid=110000834900
110000834900,2010,E-GGRT,1000006,Carbon dioxide,42780.8,MTCO2e,,,SAINT GOBAIN CONTAINERS,1 NATIONAL ST,MILFORD,MA,1757,WORCESTER,1,42.127778,-71.51055600000001,10900010601,4,14.458,1385.85,http://echo.epa.gov/detailed-facility-report?fid=110000834900
110000834900,2015,E-GGRT,1000006,Nitrous oxide,21.754,MTCO2e,,,SAINT GOBAIN CONTAINERS,1 NATIONAL ST,MILFORD,MA,1757,WORCESTER,1,42.127778,-71.51055600000001,10900010601,4,14.458,1385.85,http://echo.epa.gov/detailed-facility-report?fid=110000834900
110000834900,2016,E-GGRT,1000006,Carbon dioxide,33085.1,MTCO2e,,,SAINT GOBAIN CONTAINERS,1 NATIONAL ST,MILFORD,MA,1757,WORCESTER,1,42.127778,-71.51055600000001,10900010601,4,14.458,1385.85,http://echo.epa.gov/detailed-facility-report?fid=110000834900
110000312064,2011,E-GGRT,1000667,Nitrous oxide,30.694000000000003,MTCO2e,,,TAUNTON MUNICIPAL LIGHTING CLEARY PLANT,1314 SOMERSET AVENUE,TAUNTON,MA,2780,BRISTOL,1,41.865217,-71.10597,10900040804,4,17.767,1170.45,http://echo.epa.gov/detailed-facility-report?fid=110000312064
110000312064,2013,E-GGRT,1000667,Nitrous oxide,56.62,MTCO2e,,,TAUNTON MUNICIPAL LIGHTING CLEARY PLANT,1314 SOMERSET AVENUE,TAUNTON,MA,2780,BRISTOL,1,41.865217,-71.10597,10900040804,4,17.767,1170.45,http://echo.epa.gov/detailed-facility-report?fid=110000312064
110000312064,2011,E-GGRT,1000667,Methane,20.75,MTCO2e,,,TAUNTON MUNICIPAL LIGHTING CLEARY PLANT,1314 SOMERSET AVENUE,TAUNTON,MA,2780,BRISTOL,1,41.865217,-71.10597,10900040804,4,17.767,1170.45,http://echo.epa.gov/detailed-facility-report?fid=110000312064
110000312064,2018,E-GGRT,1000667,Methane,27.25,MTCO2e,,,TAUNTON MUNICIPAL LIGHTING CLEARY PLANT,1314 SOMERSET AVENUE,TAUNTON,MA,2780,BRISTOL,1,41.865217,-71.10597,10900040804,4,17.767,1170.45,http://echo.epa.gov/detailed-facility-report?fid=110000312064
110000312064,2018,E-GGRT,1000667,Carbon dioxide,51290.3,MTCO2e,,,TAUNTON MUNICIPAL LIGHTING CLEARY PLANT,1314 SOMERSET AVENUE,TAUNTON,MA,2780,BRISTOL,1,41.865217,-71.10597,10900040804,4,17.767,1170.45,http://echo.epa.gov/detailed-facility-report?fid=110000312064
110000312064,2016,E-GGRT,1000667,Methane,24.5,MTCO2e,,,TAUNTON MUNICIPAL LIGHTING CLEARY PLANT,1314 SOMERSET AVENUE,TAUNTON,MA,2780,BRISTOL,1,41.865217,-71.10597,10900040804,4,17.767,1170.45,http://echo.epa.gov/detailed-facility-report?fid=110000312064
110000312064,2018,E-GGRT,1000667,Nitrous oxide,39.931999999999995,MTCO2e,,,TAUNTON MUNICIPAL LIGHTING CLEARY PLANT,1314 SOMERSET AVENUE,TAUNTON,MA,2780,BRISTOL,1,41.865217,-71.10597,10900040804,4,17.767,1170.45,http://echo.epa.gov/detailed-facility-report?fid=110000312064
110000312064,2013,E-GGRT,1000667,Carbon dioxide,55984.2,MTCO2e,,,TAUNTON MUNICIPAL LIGHTING CLEARY PLANT,1314 SOMERSET AVENUE,TAUNTON,MA,2780,BRISTOL,1,41.865217,-71.10597,10900040804,4,17.767,1170.45,http://echo.epa.gov/detailed-facility-report?fid=110000312064
110000312064,2015,E-GGRT,1000667,Methane,49.25,MTCO2e,,,TAUNTON MUNICIPAL LIGHTING CLEARY PLANT,1314 SOMERSET AVENUE,TAUNTON,MA,2780,BRISTOL,1,41.865217,-71.10597,10900040804,4,17.767,1170.45,http://echo.epa.gov/detailed-facility-report?fid=110000312064
110000312064,2012,E-GGRT,1000667,Carbon dioxide,52542.8,MTCO2e,,,TAUNTON MUNICIPAL LIGHTING CLEARY PLANT,1314 SOMERSET AVENUE,TAUNTON,MA,2780,BRISTOL,1,41.865217,-71.10597,10900040804,4,17.767,1170.45,http://echo.epa.gov/detailed-facility-report?fid=110000312064
110000312064,2010,E-GGRT,1000667,Carbon dioxide,59952.2,MTCO2e,,,TAUNTON MUNICIPAL LIGHTING CLEARY PLANT,1314 SOMERSET AVENUE,TAUNTON,MA,2780,BRISTOL,1,41.865217,-71.10597,10900040804,4,17.767,1170.45,http://echo.epa.gov/detailed-facility-report?fid=110000312064
110000312064,2015,E-GGRT,1000667,Nitrous oxide,60.494,MTCO2e,,,TAUNTON MUNICIPAL LIGHTING CLEARY PLANT,1314 SOMERSET AVENUE,TAUNTON,MA,2780,BRISTOL,1,41.865217,-71.10597,10900040804,4,17.767,1170.45,http://echo.epa.gov/detailed-facility-report?fid=110000312064
110000312064,2015,E-GGRT,1000667,Carbon dioxide,103938.0,MTCO2e,,,TAUNTON MUNICIPAL LIGHTING CLEARY PLANT,1314 SOMERSET AVENUE,TAUNTON,MA,2780,BRISTOL,1,41.865217,-71.10597,10900040804,4,17.767,1170.45,http://echo.epa.gov/detailed-facility-report?fid=110000312064
110000312064,2010,E-GGRT,1000667,Methane,35.0,MTCO2e,,,TAUNTON MUNICIPAL LIGHTING CLEARY PLANT,1314 SOMERSET AVENUE,TAUNTON,MA,2780,BRISTOL,1,41.865217,-71.10597,10900040804,4,17.767,1170.45,http://echo.epa.gov/detailed-facility-report?fid=110000312064
110000312064,2017,E-GGRT,1000667,Methane,20.5,MTCO2e,,,TAUNTON MUNICIPAL LIGHTING CLEARY PLANT,1314 SOMERSET AVENUE,TAUNTON,MA,2780,BRISTOL,1,41.865217,-71.10597,10900040804,4,17.767,1170.45,http://echo.epa.gov/detailed-facility-report?fid=110000312064
110000312064,2014,E-GGRT,1000667,Methane,48.25,MTCO2e,,,TAUNTON MUNICIPAL LIGHTING CLEARY PLANT,1314 SOMERSET AVENUE,TAUNTON,MA,2780,BRISTOL,1,41.865217,-71.10597,10900040804,4,17.767,1170.45,http://echo.epa.gov/detailed-facility-report?fid=110000312064
110000312064,2012,E-GGRT,1000667,Nitrous oxide,32.78,MTCO2e,,,TAUNTON MUNICIPAL LIGHTING CLEARY PLANT,1314 SOMERSET AVENUE,TAUNTON,MA,2780,BRISTOL,1,41.865217,-71.10597,10900040804,4,17.767,1170.45,http://echo.epa.gov/detailed-facility-report?fid=110000312064
110000312064,2012,E-GGRT,1000667,Methane,25.5,MTCO2e,,,TAUNTON MUNICIPAL LIGHTING CLEARY PLANT,1314 SOMERSET AVENUE,TAUNTON,MA,2780,BRISTOL,1,41.865217,-71.10597,10900040804,4,17.767,1170.45,http://echo.epa.gov/detailed-facility-report?fid=110000312064
110000312064,2014,E-GGRT,1000667,Carbon dioxide,91894.8,MTCO2e,,,TAUNTON MUNICIPAL LIGHTING CLEARY PLANT,1314 SOMERSET AVENUE,TAUNTON,MA,2780,BRISTOL,1,41.865217,-71.10597,10900040804,4,17.767,1170.45,http://echo.epa.gov/detailed-facility-report?fid=110000312064
110000312064,2016,E-GGRT,1000667,Nitrous oxide,30.991999999999997,MTCO2e,,,TAUNTON MUNICIPAL LIGHTING CLEARY PLANT,1314 SOMERSET AVENUE,TAUNTON,MA,2780,BRISTOL,1,41.865217,-71.10597,10900040804,4,17.767,1170.45,http://echo.epa.gov/detailed-facility-report?fid=110000312064
110000312064,2013,E-GGRT,1000667,Methane,33.5,MTCO2e,,,TAUNTON MUNICIPAL LIGHTING CLEARY PLANT,1314 SOMERSET AVENUE,TAUNTON,MA,2780,BRISTOL,1,41.865217,-71.10597,10900040804,4,17.767,1170.45,http://echo.epa.gov/detailed-facility-report?fid=110000312064
110000312064,2014,E-GGRT,1000667,Nitrous oxide,69.732,MTCO2e,,,TAUNTON MUNICIPAL LIGHTING CLEARY PLANT,1314 SOMERSET AVENUE,TAUNTON,MA,2780,BRISTOL,1,41.865217,-71.10597,10900040804,4,17.767,1170.45,http://echo.epa.gov/detailed-facility-report?fid=110000312064
110000312064,2016,E-GGRT,1000667,Carbon dioxide,50836.4,MTCO2e,,,TAUNTON MUNICIPAL LIGHTING CLEARY PLANT,1314 SOMERSET AVENUE,TAUNTON,MA,2780,BRISTOL,1,41.865217,-71.10597,10900040804,4,17.767,1170.45,http://echo.epa.gov/detailed-facility-report?fid=110000312064
110000312064,2010,E-GGRT,1000667,Nitrous oxide,56.918,MTCO2e,,,TAUNTON MUNICIPAL LIGHTING CLEARY PLANT,1314 SOMERSET AVENUE,TAUNTON,MA,2780,BRISTOL,1,41.865217,-71.10597,10900040804,4,17.767,1170.45,http://echo.epa.gov/detailed-facility-report?fid=110000312064
110000312064,2017,E-GGRT,1000667,Carbon dioxide,38561.6,MTCO2e,,,TAUNTON MUNICIPAL LIGHTING CLEARY PLANT,1314 SOMERSET AVENUE,TAUNTON,MA,2780,BRISTOL,1,41.865217,-71.10597,10900040804,4,17.767,1170.45,http://echo.epa.gov/detailed-facility-report?fid=110000312064
110000312064,2017,E-GGRT,1000667,Nitrous oxide,30.098000000000003,MTCO2e,,,TAUNTON MUNICIPAL LIGHTING CLEARY PLANT,1314 SOMERSET AVENUE,TAUNTON,MA,2780,BRISTOL,1,41.865217,-71.10597,10900040804,4,17.767,1170.45,http://echo.epa.gov/detailed-facility-report?fid=110000312064
110000312064,2011,E-GGRT,1000667,Carbon dioxide,38534.1,MTCO2e,,,TAUNTON MUNICIPAL LIGHTING CLEARY PLANT,1314 SOMERSET AVENUE,TAUNTON,MA,2780,BRISTOL,1,41.865217,-71.10597,10900040804,4,17.767,1170.45,http://echo.epa.gov/detailed-facility-report?fid=110000312064
110001944291,2016,E-GGRT,1007547,Carbon dioxide,3.5,MTCO2e,,,FALL RIVER LANDFILL,1080 AIRPORT RD,FALL RIVER,MA,2720,BRISTOL,1,41.7524,-71.1052,10900040804,4,7.231,1074.83,http://echo.epa.gov/detailed-facility-report?fid=110001944291
110001944291,2015,E-GGRT,1007547,Methane,19550.0,MTCO2e,,,FALL RIVER LANDFILL,1080 AIRPORT RD,FALL RIVER,MA,2720,BRISTOL,1,41.7524,-71.1052,10900040804,4,7.231,1074.83,http://echo.epa.gov/detailed-facility-report?fid=110001944291
110001944291,2011,E-GGRT,1007547,Carbon dioxide,274.4,MTCO2e,,,FALL RIVER LANDFILL,1080 AIRPORT RD,FALL RIVER,MA,2720,BRISTOL,1,41.7524,-71.1052,10900040804,4,7.231,1074.83,http://echo.epa.gov/detailed-facility-report?fid=110001944291
110001944291,2017,E-GGRT,1007547,Carbon dioxide,2.7,MTCO2e,,,FALL RIVER LANDFILL,1080 AIRPORT RD,FALL RIVER,MA,2720,BRISTOL,1,41.7524,-71.1052,10900040804,4,7.231,1074.83,http://echo.epa.gov/detailed-facility-report?fid=110001944291
110001944291,2018,E-GGRT,1007547,Methane,8057.75,MTCO2e,,,FALL RIVER LANDFILL,1080 AIRPORT RD,FALL RIVER,MA,2720,BRISTOL,1,41.7524,-71.1052,10900040804,4,7.231,1074.83,http://echo.epa.gov/detailed-facility-report?fid=110001944291
110001944291,2016,E-GGRT,1007547,Methane,10878.75,MTCO2e,,,FALL RIVER LANDFILL,1080 AIRPORT RD,FALL RIVER,MA,2720,BRISTOL,1,41.7524,-71.1052,10900040804,4,7.231,1074.83,http://echo.epa.gov/detailed-facility-report?fid=110001944291
110001944291,2013,E-GGRT,1007547,Methane,33547.5,MTCO2e,,,FALL RIVER LANDFILL,1080 AIRPORT RD,FALL RIVER,MA,2720,BRISTOL,1,41.7524,-71.1052,10900040804,4,7.231,1074.83,http://echo.epa.gov/detailed-facility-report?fid=110001944291
110001944291,2012,E-GGRT,1007547,Methane,30327.5,MTCO2e,,,FALL RIVER LANDFILL,1080 AIRPORT RD,FALL RIVER,MA,2720,BRISTOL,1,41.7524,-71.1052,10900040804,4,7.231,1074.83,http://echo.epa.gov/detailed-facility-report?fid=110001944291
110001944291,2015,E-GGRT,1007547,Carbon dioxide,291.3,MTCO2e,,,FALL RIVER LANDFILL,1080 AIRPORT RD,FALL RIVER,MA,2720,BRISTOL,1,41.7524,-71.1052,10900040804,4,7.231,1074.83,http://echo.epa.gov/detailed-facility-report?fid=110001944291
110001944291,2010,E-GGRT,1007547,Methane,29390.0,MTCO2e,,,FALL RIVER LANDFILL,1080 AIRPORT RD,FALL RIVER,MA,2720,BRISTOL,1,41.7524,-71.1052,10900040804,4,7.231,1074.83,http://echo.epa.gov/detailed-facility-report?fid=110001944291
110001944291,2012,E-GGRT,1007547,Carbon dioxide,385.8,MTCO2e,,,FALL RIVER LANDFILL,1080 AIRPORT RD,FALL RIVER,MA,2720,BRISTOL,1,41.7524,-71.1052,10900040804,4,7.231,1074.83,http://echo.epa.gov/detailed-facility-report?fid=110001944291
110001944291,2014,E-GGRT,1007547,Methane,19268.0,MTCO2e,,,FALL RIVER LANDFILL,1080 AIRPORT RD,FALL RIVER,MA,2720,BRISTOL,1,41.7524,-71.1052,10900040804,4,7.231,1074.83,http://echo.epa.gov/detailed-facility-report?fid=110001944291
110001944291,2017,E-GGRT,1007547,Methane,8548.0,MTCO2e,,,FALL RIVER LANDFILL,1080 AIRPORT RD,FALL RIVER,MA,2720,BRISTOL,1,41.7524,-71.1052,10900040804,4,7.231,1074.83,http://echo.epa.gov/detailed-facility-report?fid=110001944291
110001944291,2010,E-GGRT,1007547,Carbon dioxide,289.7,MTCO2e,,,FALL RIVER LANDFILL,1080 AIRPORT RD,FALL RIVER,MA,2720,BRISTOL,1,41.7524,-71.1052,10900040804,4,7.231,1074.83,http://echo.epa.gov/detailed-facility-report?fid=110001944291
110001944291,2011,E-GGRT,1007547,Methane,28830.0,MTCO2e,,,FALL RIVER LANDFILL,1080 AIRPORT RD,FALL RIVER,MA,2720,BRISTOL,1,41.7524,-71.1052,10900040804,4,7.231,1074.83,http://echo.epa.gov/detailed-facility-report?fid=110001944291
110001944291,2013,E-GGRT,1007547,Carbon dioxide,3.0,MTCO2e,,,FALL RIVER LANDFILL,1080 AIRPORT RD,FALL RIVER,MA,2720,BRISTOL,1,41.7524,-71.1052,10900040804,4,7.231,1074.83,http://echo.epa.gov/detailed-facility-report?fid=110001944291
110001944291,2018,E-GGRT,1007547,Carbon dioxide,3.3,MTCO2e,,,FALL RIVER LANDFILL,1080 AIRPORT RD,FALL RIVER,MA,2720,BRISTOL,1,41.7524,-71.1052,10900040804,4,7.231,1074.83,http://echo.epa.gov/detailed-facility-report?fid=110001944291
110001944291,2014,E-GGRT,1007547,Carbon dioxide,347.7,MTCO2e,,,FALL RIVER LANDFILL,1080 AIRPORT RD,FALL RIVER,MA,2720,BRISTOL,1,41.7524,-71.1052,10900040804,4,7.231,1074.83,http://echo.epa.gov/detailed-facility-report?fid=110001944291
110024333960,2011,E-GGRT,1003532,Methane,26575.0,MTCO2e,,,TAUNTON LANDFILL & GAS ENERGY RECOVERY,330 EAST BRITANNIA ST,TAUNTON,MA,2780,BRISTOL,1,41.922990000000006,-71.086477,10900040204,4,15.888,1692.34,http://echo.epa.gov/detailed-facility-report?fid=110024333960
110024333960,2011,E-GGRT,1003532,Carbon dioxide,8.692,MTCO2e,,,TAUNTON LANDFILL & GAS ENERGY RECOVERY,330 EAST BRITANNIA ST,TAUNTON,MA,2780,BRISTOL,1,41.922990000000006,-71.086477,10900040204,4,15.888,1692.34,http://echo.epa.gov/detailed-facility-report?fid=110024333960
110024333960,2013,E-GGRT,1003532,Carbon dioxide,17.2,MTCO2e,,,TAUNTON LANDFILL & GAS ENERGY RECOVERY,330 EAST BRITANNIA ST,TAUNTON,MA,2780,BRISTOL,1,41.922990000000006,-71.086477,10900040204,4,15.888,1692.34,http://echo.epa.gov/detailed-facility-report?fid=110024333960
110024333960,2016,E-GGRT,1003532,Methane,11663.25,MTCO2e,,,TAUNTON LANDFILL & GAS ENERGY RECOVERY,330 EAST BRITANNIA ST,TAUNTON,MA,2780,BRISTOL,1,41.922990000000006,-71.086477,10900040204,4,15.888,1692.34,http://echo.epa.gov/detailed-facility-report?fid=110024333960
110024333960,2012,E-GGRT,1003532,Methane,24755.679525,MTCO2e,,,TAUNTON LANDFILL & GAS ENERGY RECOVERY,330 EAST BRITANNIA ST,TAUNTON,MA,2780,BRISTOL,1,41.922990000000006,-71.086477,10900040204,4,15.888,1692.34,http://echo.epa.gov/detailed-facility-report?fid=110024333960
110024333960,2010,E-GGRT,1003532,Carbon dioxide,8.691865,MTCO2e,,,TAUNTON LANDFILL & GAS ENERGY RECOVERY,330 EAST BRITANNIA ST,TAUNTON,MA,2780,BRISTOL,1,41.922990000000006,-71.086477,10900040204,4,15.888,1692.34,http://echo.epa.gov/detailed-facility-report?fid=110024333960
110024333960,2018,E-GGRT,1003532,Methane,7785.0,MTCO2e,,,TAUNTON LANDFILL & GAS ENERGY RECOVERY,330 EAST BRITANNIA ST,TAUNTON,MA,2780,BRISTOL,1,41.922990000000006,-71.086477,10900040204,4,15.888,1692.34,http://echo.epa.gov/detailed-facility-report?fid=110024333960
110024333960,2015,E-GGRT,1003532,Methane,11125.25,MTCO2e,,,TAUNTON LANDFILL & GAS ENERGY RECOVERY,330 EAST BRITANNIA ST,TAUNTON,MA,2780,BRISTOL,1,41.922990000000006,-71.086477,10900040204,4,15.888,1692.34,http://echo.epa.gov/detailed-facility-report?fid=110024333960
110024333960,2010,E-GGRT,1003532,Methane,33195.21295,MTCO2e,,,TAUNTON LANDFILL & GAS ENERGY RECOVERY,330 EAST BRITANNIA ST,TAUNTON,MA,2780,BRISTOL,1,41.922990000000006,-71.086477,10900040204,4,15.888,1692.34,http://echo.epa.gov/detailed-facility-report?fid=110024333960
110024333960,2018,E-GGRT,1003532,Carbon dioxide,0.0,MTCO2e,,,TAUNTON LANDFILL & GAS ENERGY RECOVERY,330 EAST BRITANNIA ST,TAUNTON,MA,2780,BRISTOL,1,41.922990000000006,-71.086477,10900040204,4,15.888,1692.34,http://echo.epa.gov/detailed-facility-report?fid=110024333960
110024333960,2016,E-GGRT,1003532,Carbon dioxide,17.2,MTCO2e,,,TAUNTON LANDFILL & GAS ENERGY RECOVERY,330 EAST BRITANNIA ST,TAUNTON,MA,2780,BRISTOL,1,41.922990000000006,-71.086477,10900040204,4,15.888,1692.34,http://echo.epa.gov/detailed-facility-report?fid=110024333960
110024333960,2015,E-GGRT,1003532,Carbon dioxide,17.2,MTCO2e,,,TAUNTON LANDFILL & GAS ENERGY RECOVERY,330 EAST BRITANNIA ST,TAUNTON,MA,2780,BRISTOL,1,41.922990000000006,-71.086477,10900040204,4,15.888,1692.34,http://echo.epa.gov/detailed-facility-report?fid=110024333960
110024333960,2012,E-GGRT,1003532,Carbon dioxide,8.640617,MTCO2e,,,TAUNTON LANDFILL & GAS ENERGY RECOVERY,330 EAST BRITANNIA ST,TAUNTON,MA,2780,BRISTOL,1,41.922990000000006,-71.086477,10900040204,4,15.888,1692.34,http://echo.epa.gov/detailed-facility-report?fid=110024333960
110024333960,2017,E-GGRT,1003532,Carbon dioxide,8.6,MTCO2e,,,TAUNTON LANDFILL & GAS ENERGY RECOVERY,330 EAST BRITANNIA ST,TAUNTON,MA,2780,BRISTOL,1,41.922990000000006,-71.086477,10900040204,4,15.888,1692.34,http://echo.epa.gov/detailed-facility-report?fid=110024333960
110024333960,2017,E-GGRT,1003532,Methane,9368.5,MTCO2e,,,TAUNTON LANDFILL & GAS ENERGY RECOVERY,330 EAST BRITANNIA ST,TAUNTON,MA,2780,BRISTOL,1,41.922990000000006,-71.086477,10900040204,4,15.888,1692.34,http://echo.epa.gov/detailed-facility-report?fid=110024333960
110024333960,2012,E-GGRT,1003532,Nitrous oxide,0.021754,MTCO2e,,,TAUNTON LANDFILL & GAS ENERGY RECOVERY,330 EAST BRITANNIA ST,TAUNTON,MA,2780,BRISTOL,1,41.922990000000006,-71.086477,10900040204,4,15.888,1692.34,http://echo.epa.gov/detailed-facility-report?fid=110024333960
110024333960,2013,E-GGRT,1003532,Methane,17470.5,MTCO2e,,,TAUNTON LANDFILL & GAS ENERGY RECOVERY,330 EAST BRITANNIA ST,TAUNTON,MA,2780,BRISTOL,1,41.922990000000006,-71.086477,10900040204,4,15.888,1692.34,http://echo.epa.gov/detailed-facility-report?fid=110024333960
110024333960,2014,E-GGRT,1003532,Carbon dioxide,17.2,MTCO2e,,,TAUNTON LANDFILL & GAS ENERGY RECOVERY,330 EAST BRITANNIA ST,TAUNTON,MA,2780,BRISTOL,1,41.922990000000006,-71.086477,10900040204,4,15.888,1692.34,http://echo.epa.gov/detailed-facility-report?fid=110024333960
110024333960,2010,E-GGRT,1003532,Nitrous oxide,0.022052000000000002,MTCO2e,,,TAUNTON LANDFILL & GAS ENERGY RECOVERY,330 EAST BRITANNIA ST,TAUNTON,MA,2780,BRISTOL,1,41.922990000000006,-71.086477,10900040204,4,15.888,1692.34,http://echo.epa.gov/detailed-facility-report?fid=110024333960
110024333960,2014,E-GGRT,1003532,Methane,12712.75,MTCO2e,,,TAUNTON LANDFILL & GAS ENERGY RECOVERY,330 EAST BRITANNIA ST,TAUNTON,MA,2780,BRISTOL,1,41.922990000000006,-71.086477,10900040204,4,15.888,1692.34,http://echo.epa.gov/detailed-facility-report?fid=110024333960
110042258268,2011,E-GGRT,1006651,Carbon dioxide,37633.5,MTCO2e,,,WELLESLEY COLLEGE,106 CENTRAL ST,WELLESLEY,MA,2481,NORFOLK,1,42.29593,-71.29893,10900010701,4,14.251,2006.79,http://echo.epa.gov/detailed-facility-report?fid=110042258268
110042258268,2015,E-GGRT,1006651,Methane,13.0,MTCO2e,,,WELLESLEY COLLEGE,106 CENTRAL ST,WELLESLEY,MA,2481,NORFOLK,1,42.29593,-71.29893,10900010701,4,14.251,2006.79,http://echo.epa.gov/detailed-facility-report?fid=110042258268
110042258268,2017,E-GGRT,1006651,Nitrous oxide,16.39,MTCO2e,,,WELLESLEY COLLEGE,106 CENTRAL ST,WELLESLEY,MA,2481,NORFOLK,1,42.29593,-71.29893,10900010701,4,14.251,2006.79,http://echo.epa.gov/detailed-facility-report?fid=110042258268
110042258268,2017,E-GGRT,1006651,Methane,12.75,MTCO2e,,,WELLESLEY COLLEGE,106 CENTRAL ST,WELLESLEY,MA,2481,NORFOLK,1,42.29593,-71.29893,10900010701,4,14.251,2006.79,http://echo.epa.gov/detailed-facility-report?fid=110042258268
110042258268,2018,E-GGRT,1006651,Nitrous oxide,14.304,MTCO2e,,,WELLESLEY COLLEGE,106 CENTRAL ST,WELLESLEY,MA,2481,NORFOLK,1,42.29593,-71.29893,10900010701,4,14.251,2006.79,http://echo.epa.gov/detailed-facility-report?fid=110042258268
110042258268,2013,E-GGRT,1006651,Nitrous oxide,17.582,MTCO2e,,,WELLESLEY COLLEGE,106 CENTRAL ST,WELLESLEY,MA,2481,NORFOLK,1,42.29593,-71.29893,10900010701,4,14.251,2006.79,http://echo.epa.gov/detailed-facility-report?fid=110042258268
110042258268,2011,E-GGRT,1006651,Methane,16.0,MTCO2e,,,WELLESLEY COLLEGE,106 CENTRAL ST,WELLESLEY,MA,2481,NORFOLK,1,42.29593,-71.29893,10900010701,4,14.251,2006.79,http://echo.epa.gov/detailed-facility-report?fid=110042258268
110042258268,2012,E-GGRT,1006651,Methane,12.5,MTCO2e,,,WELLESLEY COLLEGE,106 CENTRAL ST,WELLESLEY,MA,2481,NORFOLK,1,42.29593,-71.29893,10900010701,4,14.251,2006.79,http://echo.epa.gov/detailed-facility-report?fid=110042258268
110042258268,2012,E-GGRT,1006651,Carbon dioxide,31890.1,MTCO2e,,,WELLESLEY COLLEGE,106 CENTRAL ST,WELLESLEY,MA,2481,NORFOLK,1,42.29593,-71.29893,10900010701,4,14.251,2006.79,http://echo.epa.gov/detailed-facility-report?fid=110042258268
110042258268,2010,E-GGRT,1006651,Methane,16.5,MTCO2e,,,WELLESLEY COLLEGE,106 CENTRAL ST,WELLESLEY,MA,2481,NORFOLK,1,42.29593,-71.29893,10900010701,4,14.251,2006.79,http://echo.epa.gov/detailed-facility-report?fid=110042258268
110042258268,2014,E-GGRT,1006651,Methane,13.5,MTCO2e,,,WELLESLEY COLLEGE,106 CENTRAL ST,WELLESLEY,MA,2481,NORFOLK,1,42.29593,-71.29893,10900010701,4,14.251,2006.79,http://echo.epa.gov/detailed-facility-report?fid=110042258268
110042258268,2014,E-GGRT,1006651,Nitrous oxide,17.88,MTCO2e,,,WELLESLEY COLLEGE,106 CENTRAL ST,WELLESLEY,MA,2481,NORFOLK,1,42.29593,-71.29893,10900010701,4,14.251,2006.79,http://echo.epa.gov/detailed-facility-report?fid=110042258268
110042258268,2013,E-GGRT,1006651,Carbon dioxide,32587.7,MTCO2e,,,WELLESLEY COLLEGE,106 CENTRAL ST,WELLESLEY,MA,2481,NORFOLK,1,42.29593,-71.29893,10900010701,4,14.251,2006.79,http://echo.epa.gov/detailed-facility-report?fid=110042258268
110042258268,2013,E-GGRT,1006651,Methane,13.5,MTCO2e,,,WELLESLEY COLLEGE,106 CENTRAL ST,WELLESLEY,MA,2481,NORFOLK,1,42.29593,-71.29893,10900010701,4,14.251,2006.79,http://echo.epa.gov/detailed-facility-report?fid=110042258268
110042258268,2018,E-GGRT,1006651,Methane,11.0,MTCO2e,,,WELLESLEY COLLEGE,106 CENTRAL ST,WELLESLEY,MA,2481,NORFOLK,1,42.29593,-71.29893,10900010701,4,14.251,2006.79,http://echo.epa.gov/detailed-facility-report?fid=110042258268
110042258268,2012,E-GGRT,1006651,Nitrous oxide,16.39,MTCO2e,,,WELLESLEY COLLEGE,106 CENTRAL ST,WELLESLEY,MA,2481,NORFOLK,1,42.29593,-71.29893,10900010701,4,14.251,2006.79,http://echo.epa.gov/detailed-facility-report?fid=110042258268
110042258268,2018,E-GGRT,1006651,Carbon dioxide,22426.9,MTCO2e,,,WELLESLEY COLLEGE,106 CENTRAL ST,WELLESLEY,MA,2481,NORFOLK,1,42.29593,-71.29893,10900010701,4,14.251,2006.79,http://echo.epa.gov/detailed-facility-report?fid=110042258268
110042258268,2010,E-GGRT,1006651,Nitrous oxide,22.945999999999998,MTCO2e,,,WELLESLEY COLLEGE,106 CENTRAL ST,WELLESLEY,MA,2481,NORFOLK,1,42.29593,-71.29893,10900010701,4,14.251,2006.79,http://echo.epa.gov/detailed-facility-report?fid=110042258268
110042258268,2016,E-GGRT,1006651,Carbon dioxide,26494.6,MTCO2e,,,WELLESLEY COLLEGE,106 CENTRAL ST,WELLESLEY,MA,2481,NORFOLK,1,42.29593,-71.29893,10900010701,4,14.251,2006.79,http://echo.epa.gov/detailed-facility-report?fid=110042258268
110042258268,2014,E-GGRT,1006651,Carbon dioxide,26675.8,MTCO2e,,,WELLESLEY COLLEGE,106 CENTRAL ST,WELLESLEY,MA,2481,NORFOLK,1,42.29593,-71.29893,10900010701,4,14.251,2006.79,http://echo.epa.gov/detailed-facility-report?fid=110042258268
110042258268,2010,E-GGRT,1006651,Carbon dioxide,31384.4,MTCO2e,,,WELLESLEY COLLEGE,106 CENTRAL ST,WELLESLEY,MA,2481,NORFOLK,1,42.29593,-71.29893,10900010701,4,14.251,2006.79,http://echo.epa.gov/detailed-facility-report?fid=110042258268
110042258268,2011,E-GGRT,1006651,Nitrous oxide,22.052,MTCO2e,,,WELLESLEY COLLEGE,106 CENTRAL ST,WELLESLEY,MA,2481,NORFOLK,1,42.29593,-71.29893,10900010701,4,14.251,2006.79,http://echo.epa.gov/detailed-facility-report?fid=110042258268
110042258268,2015,E-GGRT,1006651,Nitrous oxide,17.284000000000002,MTCO2e,,,WELLESLEY COLLEGE,106 CENTRAL ST,WELLESLEY,MA,2481,NORFOLK,1,42.29593,-71.29893,10900010701,4,14.251,2006.79,http://echo.epa.gov/detailed-facility-report?fid=110042258268
110042258268,2015,E-GGRT,1006651,Carbon dioxide,26193.7,MTCO2e,,,WELLESLEY COLLEGE,106 CENTRAL ST,WELLESLEY,MA,2481,NORFOLK,1,42.29593,-71.29893,10900010701,4,14.251,2006.79,http://echo.epa.gov/detailed-facility-report?fid=110042258268
110042258268,2017,E-GGRT,1006651,Carbon dioxide,25782.1,MTCO2e,,,WELLESLEY COLLEGE,106 CENTRAL ST,WELLESLEY,MA,2481,NORFOLK,1,42.29593,-71.29893,10900010701,4,14.251,2006.79,http://echo.epa.gov/detailed-facility-report?fid=110042258268
110042258268,2016,E-GGRT,1006651,Nitrous oxide,16.986,MTCO2e,,,WELLESLEY COLLEGE,106 CENTRAL ST,WELLESLEY,MA,2481,NORFOLK,1,42.29593,-71.29893,10900010701,4,14.251,2006.79,http://echo.epa.gov/detailed-facility-report?fid=110042258268
110042258268,2016,E-GGRT,1006651,Methane,13.25,MTCO2e,,,WELLESLEY COLLEGE,106 CENTRAL ST,WELLESLEY,MA,2481,NORFOLK,1,42.29593,-71.29893,10900010701,4,14.251,2006.79,http://echo.epa.gov/detailed-facility-report?fid=110042258268
110001944353,2012,E-GGRT,1006775,Methane,80.5,MTCO2e,,,MILFORD POWER PLANT,108 NATIONAL ST,MILFORD,MA,1757,WORCESTER,1,42.128147999999996,-71.514298,10900010601,4,14.475,1383.85,http://echo.epa.gov/detailed-facility-report?fid=110001944353
110001944353,2016,E-GGRT,1006775,Methane,100.0,MTCO2e,,,MILFORD POWER PLANT,108 NATIONAL ST,MILFORD,MA,1757,WORCESTER,1,42.128147999999996,-71.514298,10900010601,4,14.475,1383.85,http://echo.epa.gov/detailed-facility-report?fid=110001944353
110001944353,2018,E-GGRT,1006775,Methane,51.5,MTCO2e,,,MILFORD POWER PLANT,108 NATIONAL ST,MILFORD,MA,1757,WORCESTER,1,42.128147999999996,-71.514298,10900010601,4,14.475,1383.85,http://echo.epa.gov/detailed-facility-report?fid=110001944353
110001944353,2017,E-GGRT,1006775,Methane,47.0,MTCO2e,,,MILFORD POWER PLANT,108 NATIONAL ST,MILFORD,MA,1757,WORCESTER,1,42.128147999999996,-71.514298,10900010601,4,14.475,1383.85,http://echo.epa.gov/detailed-facility-report?fid=110001944353
110001944353,2010,E-GGRT,1006775,Methane,82.75,MTCO2e,,,MILFORD POWER PLANT,108 NATIONAL ST,MILFORD,MA,1757,WORCESTER,1,42.128147999999996,-71.514298,10900010601,4,14.475,1383.85,http://echo.epa.gov/detailed-facility-report?fid=110001944353
110001944353,2012,E-GGRT,1006775,Nitrous oxide,95.956,MTCO2e,,,MILFORD POWER PLANT,108 NATIONAL ST,MILFORD,MA,1757,WORCESTER,1,42.128147999999996,-71.514298,10900010601,4,14.475,1383.85,http://echo.epa.gov/detailed-facility-report?fid=110001944353
110001944353,2016,E-GGRT,1006775,Carbon dioxide,460.2,MTCO2e,,,MILFORD POWER PLANT,108 NATIONAL ST,MILFORD,MA,1757,WORCESTER,1,42.128147999999996,-71.514298,10900010601,4,14.475,1383.85,http://echo.epa.gov/detailed-facility-report?fid=110001944353
110001944353,2013,E-GGRT,1006775,Nitrous oxide,52.15,MTCO2e,,,MILFORD POWER PLANT,108 NATIONAL ST,MILFORD,MA,1757,WORCESTER,1,42.128147999999996,-71.514298,10900010601,4,14.475,1383.85,http://echo.epa.gov/detailed-facility-report?fid=110001944353
110001944353,2015,E-GGRT,1006775,Methane,100.0,MTCO2e,,,MILFORD POWER PLANT,108 NATIONAL ST,MILFORD,MA,1757,WORCESTER,1,42.128147999999996,-71.514298,10900010601,4,14.475,1383.85,http://echo.epa.gov/detailed-facility-report?fid=110001944353
110001944353,2017,E-GGRT,1006775,Carbon dioxide,102135.3,MTCO2e,,,MILFORD POWER PLANT,108 NATIONAL ST,MILFORD,MA,1757,WORCESTER,1,42.128147999999996,-71.514298,10900010601,4,14.475,1383.85,http://echo.epa.gov/detailed-facility-report?fid=110001944353
110001944353,2014,E-GGRT,1006775,Methane,95.25,MTCO2e,,,MILFORD POWER PLANT,108 NATIONAL ST,MILFORD,MA,1757,WORCESTER,1,42.128147999999996,-71.514298,10900010601,4,14.475,1383.85,http://echo.epa.gov/detailed-facility-report?fid=110001944353
110001944353,2016,E-GGRT,1006775,Carbon dioxide,43089.8,MTCO2e,,,MILFORD POWER PLANT,108 NATIONAL ST,MILFORD,MA,1757,WORCESTER,1,42.128147999999996,-71.514298,10900010601,4,14.475,1383.85,http://echo.epa.gov/detailed-facility-report?fid=110001944353
110001944353,2013,E-GGRT,1006775,Methane,43.75,MTCO2e,,,MILFORD POWER PLANT,108 NATIONAL ST,MILFORD,MA,1757,WORCESTER,1,42.128147999999996,-71.514298,10900010601,4,14.475,1383.85,http://echo.epa.gov/detailed-facility-report?fid=110001944353
110001944353,2013,E-GGRT,1006775,Carbon dioxide,94949.6,MTCO2e,,,MILFORD POWER PLANT,108 NATIONAL ST,MILFORD,MA,1757,WORCESTER,1,42.128147999999996,-71.514298,10900010601,4,14.475,1383.85,http://echo.epa.gov/detailed-facility-report?fid=110001944353
110001944353,2011,E-GGRT,1006775,Nitrous oxide,52.746,MTCO2e,,,MILFORD POWER PLANT,108 NATIONAL ST,MILFORD,MA,1757,WORCESTER,1,42.128147999999996,-71.514298,10900010601,4,14.475,1383.85,http://echo.epa.gov/detailed-facility-report?fid=110001944353
110001944353,2015,E-GGRT,1006775,Nitrous oxide,119.2,MTCO2e,,,MILFORD POWER PLANT,108 NATIONAL ST,MILFORD,MA,1757,WORCESTER,1,42.128147999999996,-71.514298,10900010601,4,14.475,1383.85,http://echo.epa.gov/detailed-facility-report?fid=110001944353
110001944353,2010,E-GGRT,1006775,Nitrous oxide,99.83,MTCO2e,,,MILFORD POWER PLANT,108 NATIONAL ST,MILFORD,MA,1757,WORCESTER,1,42.128147999999996,-71.514298,10900010601,4,14.475,1383.85,http://echo.epa.gov/detailed-facility-report?fid=110001944353
110001944353,2010,E-GGRT,1006775,Carbon dioxide,178914.4,MTCO2e,,,MILFORD POWER PLANT,108 NATIONAL ST,MILFORD,MA,1757,WORCESTER,1,42.128147999999996,-71.514298,10900010601,4,14.475,1383.85,http://echo.epa.gov/detailed-facility-report?fid=110001944353
110001944353,2011,E-GGRT,1006775,Methane,44.25,MTCO2e,,,MILFORD POWER PLANT,108 NATIONAL ST,MILFORD,MA,1757,WORCESTER,1,42.128147999999996,-71.514298,10900010601,4,14.475,1383.85,http://echo.epa.gov/detailed-facility-report?fid=110001944353
110001944353,2015,E-GGRT,1006775,Carbon dioxide,515.1,MTCO2e,,,MILFORD POWER PLANT,108 NATIONAL ST,MILFORD,MA,1757,WORCESTER,1,42.128147999999996,-71.514298,10900010601,4,14.475,1383.85,http://echo.epa.gov/detailed-facility-report?fid=110001944353
110001944353,2012,E-GGRT,1006775,Carbon dioxide,173927.9,MTCO2e,,,MILFORD POWER PLANT,108 NATIONAL ST,MILFORD,MA,1757,WORCESTER,1,42.128147999999996,-71.514298,10900010601,4,14.475,1383.85,http://echo.epa.gov/detailed-facility-report?fid=110001944353
110001944353,2014,E-GGRT,1006775,Nitrous oxide,113.538,MTCO2e,,,MILFORD POWER PLANT,108 NATIONAL ST,MILFORD,MA,1757,WORCESTER,1,42.128147999999996,-71.514298,10900010601,4,14.475,1383.85,http://echo.epa.gov/detailed-facility-report?fid=110001944353
110001944353,2015,E-GGRT,1006775,Carbon dioxide,215419.5,MTCO2e,,,MILFORD POWER PLANT,108 NATIONAL ST,MILFORD,MA,1757,WORCESTER,1,42.128147999999996,-71.514298,10900010601,4,14.475,1383.85,http://echo.epa.gov/detailed-facility-report?fid=110001944353
110001944353,2018,E-GGRT,1006775,Carbon dioxide,111786.3,MTCO2e,,,MILFORD POWER PLANT,108 NATIONAL ST,MILFORD,MA,1757,WORCESTER,1,42.128147999999996,-71.514298,10900010601,4,14.475,1383.85,http://echo.epa.gov/detailed-facility-report?fid=110001944353
110001944353,2014,E-GGRT,1006775,Carbon dioxide,206108.0,MTCO2e,,,MILFORD POWER PLANT,108 NATIONAL ST,MILFORD,MA,1757,WORCESTER,1,42.128147999999996,-71.514298,10900010601,4,14.475,1383.85,http://echo.epa.gov/detailed-facility-report?fid=110001944353
110001944353,2018,E-GGRT,1006775,Nitrous oxide,61.388000000000005,MTCO2e,,,MILFORD POWER PLANT,108 NATIONAL ST,MILFORD,MA,1757,WORCESTER,1,42.128147999999996,-71.514298,10900010601,4,14.475,1383.85,http://echo.epa.gov/detailed-facility-report?fid=110001944353
110001944353,2016,E-GGRT,1006775,Nitrous oxide,119.2,MTCO2e,,,MILFORD POWER PLANT,108 NATIONAL ST,MILFORD,MA,1757,WORCESTER,1,42.128147999999996,-71.514298,10900010601,4,14.475,1383.85,http://echo.epa.gov/detailed-facility-report?fid=110001944353
110001944353,2011,E-GGRT,1006775,Carbon dioxide,95695.7,MTCO2e,,,MILFORD POWER PLANT,108 NATIONAL ST,MILFORD,MA,1757,WORCESTER,1,42.128147999999996,-71.514298,10900010601,4,14.475,1383.85,http://echo.epa.gov/detailed-facility-report?fid=110001944353
110001944353,2017,E-GGRT,1006775,Nitrous oxide,56.023999999999994,MTCO2e,,,MILFORD POWER PLANT,108 NATIONAL ST,MILFORD,MA,1757,WORCESTER,1,42.128147999999996,-71.514298,10900010601,4,14.475,1383.85,http://echo.epa.gov/detailed-facility-report?fid=110001944353
110000310486,2014,E-GGRT,1001207,Nitrous oxide,160.32399999999998,MTCO2e,,,BELLINGHAM COGENERATION FACILITY,92 DEPOT ST,BELLINGHAM,MA,2019,NORFOLK,1,42.093255,-71.48161,10900010601,4,7.682,662.91,http://echo.epa.gov/detailed-facility-report?fid=110000310486
110000310486,2010,E-GGRT,1001207,Methane,201.0,MTCO2e,,,BELLINGHAM COGENERATION FACILITY,92 DEPOT ST,BELLINGHAM,MA,2019,NORFOLK,1,42.093255,-71.48161,10900010601,4,7.682,662.91,http://echo.epa.gov/detailed-facility-report?fid=110000310486
110000310486,2013,E-GGRT,1001207,Nitrous oxide,77.48,MTCO2e,,,BELLINGHAM COGENERATION FACILITY,92 DEPOT ST,BELLINGHAM,MA,2019,NORFOLK,1,42.093255,-71.48161,10900010601,4,7.682,662.91,http://echo.epa.gov/detailed-facility-report?fid=110000310486
110000310486,2013,E-GGRT,1001207,Carbon dioxide,121627.4,MTCO2e,,,BELLINGHAM COGENERATION FACILITY,92 DEPOT ST,BELLINGHAM,MA,2019,NORFOLK,1,42.093255,-71.48161,10900010601,4,7.682,662.91,http://echo.epa.gov/detailed-facility-report?fid=110000310486
110000310486,2015,E-GGRT,1001207,Nitrous oxide,303.066,MTCO2e,,,BELLINGHAM COGENERATION FACILITY,92 DEPOT ST,BELLINGHAM,MA,2019,NORFOLK,1,42.093255,-71.48161,10900010601,4,7.682,662.91,http://echo.epa.gov/detailed-facility-report?fid=110000310486
110000310486,2018,E-GGRT,1001207,Nitrous oxide,78.07600000000001,MTCO2e,,,BELLINGHAM COGENERATION FACILITY,92 DEPOT ST,BELLINGHAM,MA,2019,NORFOLK,1,42.093255,-71.48161,10900010601,4,7.682,662.91,http://echo.epa.gov/detailed-facility-report?fid=110000310486
110000310486,2011,E-GGRT,1001207,Carbon dioxide,280775.4,MTCO2e,,,BELLINGHAM COGENERATION FACILITY,92 DEPOT ST,BELLINGHAM,MA,2019,NORFOLK,1,42.093255,-71.48161,10900010601,4,7.682,662.91,http://echo.epa.gov/detailed-facility-report?fid=110000310486
110000310486,2016,E-GGRT,1001207,Carbon dioxide,298829.8,MTCO2e,,,BELLINGHAM COGENERATION FACILITY,92 DEPOT ST,BELLINGHAM,MA,2019,NORFOLK,1,42.093255,-71.48161,10900010601,4,7.682,662.91,http://echo.epa.gov/detailed-facility-report?fid=110000310486
110000310486,2014,E-GGRT,1001207,Methane,106.0,MTCO2e,,,BELLINGHAM COGENERATION FACILITY,92 DEPOT ST,BELLINGHAM,MA,2019,NORFOLK,1,42.093255,-71.48161,10900010601,4,7.682,662.91,http://echo.epa.gov/detailed-facility-report?fid=110000310486
110000310486,2015,E-GGRT,1001207,Carbon dioxide,519412.9,MTCO2e,,,BELLINGHAM COGENERATION FACILITY,92 DEPOT ST,BELLINGHAM,MA,2019,NORFOLK,1,42.093255,-71.48161,10900010601,4,7.682,662.91,http://echo.epa.gov/detailed-facility-report?fid=110000310486
110000310486,2013,E-GGRT,1001207,Methane,59.25,MTCO2e,,,BELLINGHAM COGENERATION FACILITY,92 DEPOT ST,BELLINGHAM,MA,2019,NORFOLK,1,42.093255,-71.48161,10900010601,4,7.682,662.91,http://echo.epa.gov/detailed-facility-report?fid=110000310486
110000310486,2012,E-GGRT,1001207,Carbon dioxide,178598.9,MTCO2e,,,BELLINGHAM COGENERATION FACILITY,92 DEPOT ST,BELLINGHAM,MA,2019,NORFOLK,1,42.093255,-71.48161,10900010601,4,7.682,662.91,http://echo.epa.gov/detailed-facility-report?fid=110000310486
110000310486,2011,E-GGRT,1001207,Methane,130.25,MTCO2e,,,BELLINGHAM COGENERATION FACILITY,92 DEPOT ST,BELLINGHAM,MA,2019,NORFOLK,1,42.093255,-71.48161,10900010601,4,7.682,662.91,http://echo.epa.gov/detailed-facility-report?fid=110000310486
110000310486,2012,E-GGRT,1001207,Nitrous oxide,98.936,MTCO2e,,,BELLINGHAM COGENERATION FACILITY,92 DEPOT ST,BELLINGHAM,MA,2019,NORFOLK,1,42.093255,-71.48161,10900010601,4,7.682,662.91,http://echo.epa.gov/detailed-facility-report?fid=110000310486
110000310486,2016,E-GGRT,1001207,Methane,137.75,MTCO2e,,,BELLINGHAM COGENERATION FACILITY,92 DEPOT ST,BELLINGHAM,MA,2019,NORFOLK,1,42.093255,-71.48161,10900010601,4,7.682,662.91,http://echo.epa.gov/detailed-facility-report?fid=110000310486
110000310486,2010,E-GGRT,1001207,Nitrous oxide,239.89,MTCO2e,,,BELLINGHAM COGENERATION FACILITY,92 DEPOT ST,BELLINGHAM,MA,2019,NORFOLK,1,42.093255,-71.48161,10900010601,4,7.682,662.91,http://echo.epa.gov/detailed-facility-report?fid=110000310486
110000310486,2017,E-GGRT,1001207,Nitrous oxide,194.296,MTCO2e,,,BELLINGHAM COGENERATION FACILITY,92 DEPOT ST,BELLINGHAM,MA,2019,NORFOLK,1,42.093255,-71.48161,10900010601,4,7.682,662.91,http://echo.epa.gov/detailed-facility-report?fid=110000310486
110000310486,2017,E-GGRT,1001207,Methane,163.25,MTCO2e,,,BELLINGHAM COGENERATION FACILITY,92 DEPOT ST,BELLINGHAM,MA,2019,NORFOLK,1,42.093255,-71.48161,10900010601,4,7.682,662.91,http://echo.epa.gov/detailed-facility-report?fid=110000310486
110000310486,2018,E-GGRT,1001207,Methane,42.75,MTCO2e,,,BELLINGHAM COGENERATION FACILITY,92 DEPOT ST,BELLINGHAM,MA,2019,NORFOLK,1,42.093255,-71.48161,10900010601,4,7.682,662.91,http://echo.epa.gov/detailed-facility-report?fid=110000310486
110000310486,2014,E-GGRT,1001207,Carbon dioxide,195681.3,MTCO2e,,,BELLINGHAM COGENERATION FACILITY,92 DEPOT ST,BELLINGHAM,MA,2019,NORFOLK,1,42.093255,-71.48161,10900010601,4,7.682,662.91,http://echo.epa.gov/detailed-facility-report?fid=110000310486
110000310486,2011,E-GGRT,1001207,Nitrous oxide,155.85399999999998,MTCO2e,,,BELLINGHAM COGENERATION FACILITY,92 DEPOT ST,BELLINGHAM,MA,2019,NORFOLK,1,42.093255,-71.48161,10900010601,4,7.682,662.91,http://echo.epa.gov/detailed-facility-report?fid=110000310486
110000310486,2017,E-GGRT,1001207,Carbon dioxide,353271.7,MTCO2e,,,BELLINGHAM COGENERATION FACILITY,92 DEPOT ST,BELLINGHAM,MA,2019,NORFOLK,1,42.093255,-71.48161,10900010601,4,7.682,662.91,http://echo.epa.gov/detailed-facility-report?fid=110000310486
110000310486,2018,E-GGRT,1001207,Carbon dioxide,63341.9,MTCO2e,,,BELLINGHAM COGENERATION FACILITY,92 DEPOT ST,BELLINGHAM,MA,2019,NORFOLK,1,42.093255,-71.48161,10900010601,4,7.682,662.91,http://echo.epa.gov/detailed-facility-report?fid=110000310486
110000310486,2015,E-GGRT,1001207,Methane,245.75,MTCO2e,,,BELLINGHAM COGENERATION FACILITY,92 DEPOT ST,BELLINGHAM,MA,2019,NORFOLK,1,42.093255,-71.48161,10900010601,4,7.682,662.91,http://echo.epa.gov/detailed-facility-report?fid=110000310486
110000310486,2016,E-GGRT,1001207,Nitrous oxide,164.19799999999998,MTCO2e,,,BELLINGHAM COGENERATION FACILITY,92 DEPOT ST,BELLINGHAM,MA,2019,NORFOLK,1,42.093255,-71.48161,10900010601,4,7.682,662.91,http://echo.epa.gov/detailed-facility-report?fid=110000310486
110000310486,2010,E-GGRT,1001207,Carbon dioxide,433209.5,MTCO2e,,,BELLINGHAM COGENERATION FACILITY,92 DEPOT ST,BELLINGHAM,MA,2019,NORFOLK,1,42.093255,-71.48161,10900010601,4,7.682,662.91,http://echo.epa.gov/detailed-facility-report?fid=110000310486
110000310486,2012,E-GGRT,1001207,Methane,82.75,MTCO2e,,,BELLINGHAM COGENERATION FACILITY,92 DEPOT ST,BELLINGHAM,MA,2019,NORFOLK,1,42.093255,-71.48161,10900010601,4,7.682,662.91,http://echo.epa.gov/detailed-facility-report?fid=110000310486
110024360458,2016,E-GGRT,1006864,Nitrous oxide,458.62199999999996,MTCO2e,,,ANP BELLINGHAM POWER PLANT,155 MAPLE ST,BELLINGHAM,MA,2019,NORFOLK,1,42.109971,-71.452954,10900010601,4,8.291,929.55,http://echo.epa.gov/detailed-facility-report?fid=110024360458
110024360458,2017,E-GGRT,1006864,Nitrous oxide,414.51800000000003,MTCO2e,,,ANP BELLINGHAM POWER PLANT,155 MAPLE ST,BELLINGHAM,MA,2019,NORFOLK,1,42.109971,-71.452954,10900010601,4,8.291,929.55,http://echo.epa.gov/detailed-facility-report?fid=110024360458
110024360458,2011,E-GGRT,1006864,Nitrous oxide,239.89,MTCO2e,,,ANP BELLINGHAM POWER PLANT,155 MAPLE ST,BELLINGHAM,MA,2019,NORFOLK,1,42.109971,-71.452954,10900010601,4,8.291,929.55,http://echo.epa.gov/detailed-facility-report?fid=110024360458
110024360458,2013,E-GGRT,1006864,Methane,374.0,MTCO2e,,,ANP BELLINGHAM POWER PLANT,155 MAPLE ST,BELLINGHAM,MA,2019,NORFOLK,1,42.109971,-71.452954,10900010601,4,8.291,929.55,http://echo.epa.gov/detailed-facility-report?fid=110024360458
110024360458,2013,E-GGRT,1006864,Carbon dioxide,806389.9,MTCO2e,,,ANP BELLINGHAM POWER PLANT,155 MAPLE ST,BELLINGHAM,MA,2019,NORFOLK,1,42.109971,-71.452954,10900010601,4,8.291,929.55,http://echo.epa.gov/detailed-facility-report?fid=110024360458
110024360458,2017,E-GGRT,1006864,Carbon dioxide,749948.6,MTCO2e,,,ANP BELLINGHAM POWER PLANT,155 MAPLE ST,BELLINGHAM,MA,2019,NORFOLK,1,42.109971,-71.452954,10900010601,4,8.291,929.55,http://echo.epa.gov/detailed-facility-report?fid=110024360458
110024360458,2010,E-GGRT,1006864,Methane,320.5,MTCO2e,,,ANP BELLINGHAM POWER PLANT,155 MAPLE ST,BELLINGHAM,MA,2019,NORFOLK,1,42.109971,-71.452954,10900010601,4,8.291,929.55,http://echo.epa.gov/detailed-facility-report?fid=110024360458
110024360458,2016,E-GGRT,1006864,Methane,384.75,MTCO2e,,,ANP BELLINGHAM POWER PLANT,155 MAPLE ST,BELLINGHAM,MA,2019,NORFOLK,1,42.109971,-71.452954,10900010601,4,8.291,929.55,http://echo.epa.gov/detailed-facility-report?fid=110024360458
110024360458,2010,E-GGRT,1006864,Carbon dioxide,690934.2,MTCO2e,,,ANP BELLINGHAM POWER PLANT,155 MAPLE ST,BELLINGHAM,MA,2019,NORFOLK,1,42.109971,-71.452954,10900010601,4,8.291,929.55,http://echo.epa.gov/detailed-facility-report?fid=110024360458
110024360458,2018,E-GGRT,1006864,Carbon dioxide,905963.2,MTCO2e,,,ANP BELLINGHAM POWER PLANT,155 MAPLE ST,BELLINGHAM,MA,2019,NORFOLK,1,42.109971,-71.452954,10900010601,4,8.291,929.55,http://echo.epa.gov/detailed-facility-report?fid=110024360458
110024360458,2011,E-GGRT,1006864,Methane,201.25,MTCO2e,,,ANP BELLINGHAM POWER PLANT,155 MAPLE ST,BELLINGHAM,MA,2019,NORFOLK,1,42.109971,-71.452954,10900010601,4,8.291,929.55,http://echo.epa.gov/detailed-facility-report?fid=110024360458
110024360458,2014,E-GGRT,1006864,Methane,421.0,MTCO2e,,,ANP BELLINGHAM POWER PLANT,155 MAPLE ST,BELLINGHAM,MA,2019,NORFOLK,1,42.109971,-71.452954,10900010601,4,8.291,929.55,http://echo.epa.gov/detailed-facility-report?fid=110024360458
110024360458,2015,E-GGRT,1006864,Methane,475.25,MTCO2e,,,ANP BELLINGHAM POWER PLANT,155 MAPLE ST,BELLINGHAM,MA,2019,NORFOLK,1,42.109971,-71.452954,10900010601,4,8.291,929.55,http://echo.epa.gov/detailed-facility-report?fid=110024360458
110024360458,2013,E-GGRT,1006864,Nitrous oxide,445.80800000000005,MTCO2e,,,ANP BELLINGHAM POWER PLANT,155 MAPLE ST,BELLINGHAM,MA,2019,NORFOLK,1,42.109971,-71.452954,10900010601,4,8.291,929.55,http://echo.epa.gov/detailed-facility-report?fid=110024360458
110024360458,2016,E-GGRT,1006864,Carbon dioxide,829842.2,MTCO2e,,,ANP BELLINGHAM POWER PLANT,155 MAPLE ST,BELLINGHAM,MA,2019,NORFOLK,1,42.109971,-71.452954,10900010601,4,8.291,929.55,http://echo.epa.gov/detailed-facility-report?fid=110024360458
110024360458,2015,E-GGRT,1006864,Nitrous oxide,566.498,MTCO2e,,,ANP BELLINGHAM POWER PLANT,155 MAPLE ST,BELLINGHAM,MA,2019,NORFOLK,1,42.109971,-71.452954,10900010601,4,8.291,929.55,http://echo.epa.gov/detailed-facility-report?fid=110024360458
110024360458,2012,E-GGRT,1006864,Carbon dioxide,724294.4,MTCO2e,,,ANP BELLINGHAM POWER PLANT,155 MAPLE ST,BELLINGHAM,MA,2019,NORFOLK,1,42.109971,-71.452954,10900010601,4,8.291,929.55,http://echo.epa.gov/detailed-facility-report?fid=110024360458
110024360458,2014,E-GGRT,1006864,Carbon dioxide,907879.2,MTCO2e,,,ANP BELLINGHAM POWER PLANT,155 MAPLE ST,BELLINGHAM,MA,2019,NORFOLK,1,42.109971,-71.452954,10900010601,4,8.291,929.55,http://echo.epa.gov/detailed-facility-report?fid=110024360458
110024360458,2010,E-GGRT,1006864,Nitrous oxide,382.036,MTCO2e,,,ANP BELLINGHAM POWER PLANT,155 MAPLE ST,BELLINGHAM,MA,2019,NORFOLK,1,42.109971,-71.452954,10900010601,4,8.291,929.55,http://echo.epa.gov/detailed-facility-report?fid=110024360458
110024360458,2012,E-GGRT,1006864,Methane,336.0,MTCO2e,,,ANP BELLINGHAM POWER PLANT,155 MAPLE ST,BELLINGHAM,MA,2019,NORFOLK,1,42.109971,-71.452954,10900010601,4,8.291,929.55,http://echo.epa.gov/detailed-facility-report?fid=110024360458
110024360458,2011,E-GGRT,1006864,Carbon dioxide,434063.6,MTCO2e,,,ANP BELLINGHAM POWER PLANT,155 MAPLE ST,BELLINGHAM,MA,2019,NORFOLK,1,42.109971,-71.452954,10900010601,4,8.291,929.55,http://echo.epa.gov/detailed-facility-report?fid=110024360458
110024360458,2018,E-GGRT,1006864,Nitrous oxide,500.64,MTCO2e,,,ANP BELLINGHAM POWER PLANT,155 MAPLE ST,BELLINGHAM,MA,2019,NORFOLK,1,42.109971,-71.452954,10900010601,4,8.291,929.55,http://echo.epa.gov/detailed-facility-report?fid=110024360458
110024360458,2017,E-GGRT,1006864,Methane,347.75,MTCO2e,,,ANP BELLINGHAM POWER PLANT,155 MAPLE ST,BELLINGHAM,MA,2019,NORFOLK,1,42.109971,-71.452954,10900010601,4,8.291,929.55,http://echo.epa.gov/detailed-facility-report?fid=110024360458
110024360458,2012,E-GGRT,1006864,Nitrous oxide,400.51199999999994,MTCO2e,,,ANP BELLINGHAM POWER PLANT,155 MAPLE ST,BELLINGHAM,MA,2019,NORFOLK,1,42.109971,-71.452954,10900010601,4,8.291,929.55,http://echo.epa.gov/detailed-facility-report?fid=110024360458
110024360458,2015,E-GGRT,1006864,Carbon dioxide,1024857.4,MTCO2e,,,ANP BELLINGHAM POWER PLANT,155 MAPLE ST,BELLINGHAM,MA,2019,NORFOLK,1,42.109971,-71.452954,10900010601,4,8.291,929.55,http://echo.epa.gov/detailed-facility-report?fid=110024360458
110024360458,2018,E-GGRT,1006864,Methane,420.0,MTCO2e,,,ANP BELLINGHAM POWER PLANT,155 MAPLE ST,BELLINGHAM,MA,2019,NORFOLK,1,42.109971,-71.452954,10900010601,4,8.291,929.55,http://echo.epa.gov/detailed-facility-report?fid=110024360458
110024360458,2014,E-GGRT,1006864,Nitrous oxide,501.832,MTCO2e,,,ANP BELLINGHAM POWER PLANT,155 MAPLE ST,BELLINGHAM,MA,2019,NORFOLK,1,42.109971,-71.452954,10900010601,4,8.291,929.55,http://echo.epa.gov/detailed-facility-report?fid=110024360458
110024302958,2018,E-GGRT,1005481,Methane,25838.0,MTCO2e,,,NEW ENGLAND GAS,45 ANAWAN ST,FALL RIVER,MA,2721,BRISTOL,1,41.70285,-71.16311999999999,10900040905,4,15.207,5032.89,http://echo.epa.gov/detailed-facility-report?fid=110024302958
110024302958,2014,E-GGRT,1005481,Methane,31202.5,MTCO2e,,,NEW ENGLAND GAS,45 ANAWAN ST,FALL RIVER,MA,2721,BRISTOL,1,41.70285,-71.16311999999999,10900040905,4,15.207,5032.89,http://echo.epa.gov/detailed-facility-report?fid=110024302958
110024302958,2017,E-GGRT,1005481,Nitrous oxide,2.98,MTCO2e,,,NEW ENGLAND GAS,45 ANAWAN ST,FALL RIVER,MA,2721,BRISTOL,1,41.70285,-71.16311999999999,10900040905,4,15.207,5032.89,http://echo.epa.gov/detailed-facility-report?fid=110024302958
110024302958,2011,E-GGRT,1005481,Carbon dioxide,78.0,MTCO2e,,,NEW ENGLAND GAS,45 ANAWAN ST,FALL RIVER,MA,2721,BRISTOL,1,41.70285,-71.16311999999999,10900040905,4,15.207,5032.89,http://echo.epa.gov/detailed-facility-report?fid=110024302958
110024302958,2011,E-GGRT,1005481,Methane,38087.25,MTCO2e,,,NEW ENGLAND GAS,45 ANAWAN ST,FALL RIVER,MA,2721,BRISTOL,1,41.70285,-71.16311999999999,10900040905,4,15.207,5032.89,http://echo.epa.gov/detailed-facility-report?fid=110024302958
110024302958,2012,E-GGRT,1005481,Methane,37115.75,MTCO2e,,,NEW ENGLAND GAS,45 ANAWAN ST,FALL RIVER,MA,2721,BRISTOL,1,41.70285,-71.16311999999999,10900040905,4,15.207,5032.89,http://echo.epa.gov/detailed-facility-report?fid=110024302958
110024302958,2015,E-GGRT,1005481,Nitrous oxide,20.86,MTCO2e,,,NEW ENGLAND GAS,45 ANAWAN ST,FALL RIVER,MA,2721,BRISTOL,1,41.70285,-71.16311999999999,10900040905,4,15.207,5032.89,http://echo.epa.gov/detailed-facility-report?fid=110024302958
110024302958,2015,E-GGRT,1005481,Carbon dioxide,35.8,MTCO2e,,,NEW ENGLAND GAS,45 ANAWAN ST,FALL RIVER,MA,2721,BRISTOL,1,41.70285,-71.16311999999999,10900040905,4,15.207,5032.89,http://echo.epa.gov/detailed-facility-report?fid=110024302958
110024302958,2017,E-GGRT,1005481,Methane,27960.25,MTCO2e,,,NEW ENGLAND GAS,45 ANAWAN ST,FALL RIVER,MA,2721,BRISTOL,1,41.70285,-71.16311999999999,10900040905,4,15.207,5032.89,http://echo.epa.gov/detailed-facility-report?fid=110024302958
110024302958,2013,E-GGRT,1005481,Methane,31964.5,MTCO2e,,,NEW ENGLAND GAS,45 ANAWAN ST,FALL RIVER,MA,2721,BRISTOL,1,41.70285,-71.16311999999999,10900040905,4,15.207,5032.89,http://echo.epa.gov/detailed-facility-report?fid=110024302958
110024302958,2013,E-GGRT,1005481,Carbon dioxide,73.7,MTCO2e,,,NEW ENGLAND GAS,45 ANAWAN ST,FALL RIVER,MA,2721,BRISTOL,1,41.70285,-71.16311999999999,10900040905,4,15.207,5032.89,http://echo.epa.gov/detailed-facility-report?fid=110024302958
110024302958,2016,E-GGRT,1005481,Carbon dioxide,60.9,MTCO2e,,,NEW ENGLAND GAS,45 ANAWAN ST,FALL RIVER,MA,2721,BRISTOL,1,41.70285,-71.16311999999999,10900040905,4,15.207,5032.89,http://echo.epa.gov/detailed-facility-report?fid=110024302958
110024302958,2012,E-GGRT,1005481,Carbon dioxide,66.1,MTCO2e,,,NEW ENGLAND GAS,45 ANAWAN ST,FALL RIVER,MA,2721,BRISTOL,1,41.70285,-71.16311999999999,10900040905,4,15.207,5032.89,http://echo.epa.gov/detailed-facility-report?fid=110024302958
110024302958,2017,E-GGRT,1005481,Carbon dioxide,37.8,MTCO2e,,,NEW ENGLAND GAS,45 ANAWAN ST,FALL RIVER,MA,2721,BRISTOL,1,41.70285,-71.16311999999999,10900040905,4,15.207,5032.89,http://echo.epa.gov/detailed-facility-report?fid=110024302958
110024302958,2015,E-GGRT,1005481,Methane,30794.0,MTCO2e,,,NEW ENGLAND GAS,45 ANAWAN ST,FALL RIVER,MA,2721,BRISTOL,1,41.70285,-71.16311999999999,10900040905,4,15.207,5032.89,http://echo.epa.gov/detailed-facility-report?fid=110024302958
110024302958,2016,E-GGRT,1005481,Nitrous oxide,11.92,MTCO2e,,,NEW ENGLAND GAS,45 ANAWAN ST,FALL RIVER,MA,2721,BRISTOL,1,41.70285,-71.16311999999999,10900040905,4,15.207,5032.89,http://echo.epa.gov/detailed-facility-report?fid=110024302958
110024302958,2016,E-GGRT,1005481,Methane,30788.5,MTCO2e,,,NEW ENGLAND GAS,45 ANAWAN ST,FALL RIVER,MA,2721,BRISTOL,1,41.70285,-71.16311999999999,10900040905,4,15.207,5032.89,http://echo.epa.gov/detailed-facility-report?fid=110024302958
110024302958,2014,E-GGRT,1005481,Carbon dioxide,78.6,MTCO2e,,,NEW ENGLAND GAS,45 ANAWAN ST,FALL RIVER,MA,2721,BRISTOL,1,41.70285,-71.16311999999999,10900040905,4,15.207,5032.89,http://echo.epa.gov/detailed-facility-report?fid=110024302958
110024302958,2018,E-GGRT,1005481,Carbon dioxide,38.8,MTCO2e,,,NEW ENGLAND GAS,45 ANAWAN ST,FALL RIVER,MA,2721,BRISTOL,1,41.70285,-71.16311999999999,10900040905,4,15.207,5032.89,http://echo.epa.gov/detailed-facility-report?fid=110024302958
110001949508,2013,E-GGRT,1000655,Nitrous oxide,13.41,MTCO2e,,,EXELON WEST MEDWAY GENERATING STATION,9 SUMMER STREET,MEDWAY,MA,2053,NORFOLK,1,42.139996999999994,-71.446348,10900010601,4,7.789,983.65,http://echo.epa.gov/detailed-facility-report?fid=110001949508
110001949508,2012,E-GGRT,1000655,Carbon dioxide,2693.5,MTCO2e,,,EXELON WEST MEDWAY GENERATING STATION,9 SUMMER STREET,MEDWAY,MA,2053,NORFOLK,1,42.139996999999994,-71.446348,10900010601,4,7.789,983.65,http://echo.epa.gov/detailed-facility-report?fid=110001949508
110001949508,2010,E-GGRT,1000655,Nitrous oxide,14.005999999999998,MTCO2e,,,EXELON WEST MEDWAY GENERATING STATION,9 SUMMER STREET,MEDWAY,MA,2053,NORFOLK,1,42.139996999999994,-71.446348,10900010601,4,7.789,983.65,http://echo.epa.gov/detailed-facility-report?fid=110001949508
110001949508,2010,E-GGRT,1000655,Carbon dioxide,5632.8,MTCO2e,,,EXELON WEST MEDWAY GENERATING STATION,9 SUMMER STREET,MEDWAY,MA,2053,NORFOLK,1,42.139996999999994,-71.446348,10900010601,4,7.789,983.65,http://echo.epa.gov/detailed-facility-report?fid=110001949508
110001949508,2014,E-GGRT,1000655,Carbon dioxide,13542.5,MTCO2e,,,EXELON WEST MEDWAY GENERATING STATION,9 SUMMER STREET,MEDWAY,MA,2053,NORFOLK,1,42.139996999999994,-71.446348,10900010601,4,7.789,983.65,http://echo.epa.gov/detailed-facility-report?fid=110001949508
110001949508,2015,E-GGRT,1000655,Carbon dioxide,4967.9,MTCO2e,,,EXELON WEST MEDWAY GENERATING STATION,9 SUMMER STREET,MEDWAY,MA,2053,NORFOLK,1,42.139996999999994,-71.446348,10900010601,4,7.789,983.65,http://echo.epa.gov/detailed-facility-report?fid=110001949508
110001949508,2016,E-GGRT,1000655,Methane,6.75,MTCO2e,,,EXELON WEST MEDWAY GENERATING STATION,9 SUMMER STREET,MEDWAY,MA,2053,NORFOLK,1,42.139996999999994,-71.446348,10900010601,4,7.789,983.65,http://echo.epa.gov/detailed-facility-report?fid=110001949508
110001949508,2015,E-GGRT,1000655,Methane,5.0,MTCO2e,,,EXELON WEST MEDWAY GENERATING STATION,9 SUMMER STREET,MEDWAY,MA,2053,NORFOLK,1,42.139996999999994,-71.446348,10900010601,4,7.789,983.65,http://echo.epa.gov/detailed-facility-report?fid=110001949508
110001949508,2017,E-GGRT,1000655,Methane,7.25,MTCO2e,,,EXELON WEST MEDWAY GENERATING STATION,9 SUMMER STREET,MEDWAY,MA,2053,NORFOLK,1,42.139996999999994,-71.446348,10900010601,4,7.789,983.65,http://echo.epa.gov/detailed-facility-report?fid=110001949508
110001949508,2013,E-GGRT,1000655,Methane,5.75,MTCO2e,,,EXELON WEST MEDWAY GENERATING STATION,9 SUMMER STREET,MEDWAY,MA,2053,NORFOLK,1,42.139996999999994,-71.446348,10900010601,4,7.789,983.65,http://echo.epa.gov/detailed-facility-report?fid=110001949508
110001949508,2010,E-GGRT,1000655,Methane,5.5,MTCO2e,,,EXELON WEST MEDWAY GENERATING STATION,9 SUMMER STREET,MEDWAY,MA,2053,NORFOLK,1,42.139996999999994,-71.446348,10900010601,4,7.789,983.65,http://echo.epa.gov/detailed-facility-report?fid=110001949508
110001949508,2017,E-GGRT,1000655,Carbon dioxide,7182.1,MTCO2e,,,EXELON WEST MEDWAY GENERATING STATION,9 SUMMER STREET,MEDWAY,MA,2053,NORFOLK,1,42.139996999999994,-71.446348,10900010601,4,7.789,983.65,http://echo.epa.gov/detailed-facility-report?fid=110001949508
110001949508,2011,E-GGRT,1000655,Methane,6.25,MTCO2e,,,EXELON WEST MEDWAY GENERATING STATION,9 SUMMER STREET,MEDWAY,MA,2053,NORFOLK,1,42.139996999999994,-71.446348,10900010601,4,7.789,983.65,http://echo.epa.gov/detailed-facility-report?fid=110001949508
110001949508,2012,E-GGRT,1000655,Nitrous oxide,6.257999999999999,MTCO2e,,,EXELON WEST MEDWAY GENERATING STATION,9 SUMMER STREET,MEDWAY,MA,2053,NORFOLK,1,42.139996999999994,-71.446348,10900010601,4,7.789,983.65,http://echo.epa.gov/detailed-facility-report?fid=110001949508
110001949508,2012,E-GGRT,1000655,Methane,3.0,MTCO2e,,,EXELON WEST MEDWAY GENERATING STATION,9 SUMMER STREET,MEDWAY,MA,2053,NORFOLK,1,42.139996999999994,-71.446348,10900010601,4,7.789,983.65,http://echo.epa.gov/detailed-facility-report?fid=110001949508
110001949508,2018,E-GGRT,1000655,Methane,8.0,MTCO2e,,,EXELON WEST MEDWAY GENERATING STATION,9 SUMMER STREET,MEDWAY,MA,2053,NORFOLK,1,42.139996999999994,-71.446348,10900010601,4,7.789,983.65,http://echo.epa.gov/detailed-facility-report?fid=110001949508
110001949508,2016,E-GGRT,1000655,Carbon dioxide,6914.6,MTCO2e,,,EXELON WEST MEDWAY GENERATING STATION,9 SUMMER STREET,MEDWAY,MA,2053,NORFOLK,1,42.139996999999994,-71.446348,10900010601,4,7.789,983.65,http://echo.epa.gov/detailed-facility-report?fid=110001949508
110001949508,2016,E-GGRT,1000655,Nitrous oxide,16.986,MTCO2e,,,EXELON WEST MEDWAY GENERATING STATION,9 SUMMER STREET,MEDWAY,MA,2053,NORFOLK,1,42.139996999999994,-71.446348,10900010601,4,7.789,983.65,http://echo.epa.gov/detailed-facility-report?fid=110001949508
110001949508,2015,E-GGRT,1000655,Nitrous oxide,11.92,MTCO2e,,,EXELON WEST MEDWAY GENERATING STATION,9 SUMMER STREET,MEDWAY,MA,2053,NORFOLK,1,42.139996999999994,-71.446348,10900010601,4,7.789,983.65,http://echo.epa.gov/detailed-facility-report?fid=110001949508
110001949508,2018,E-GGRT,1000655,Nitrous oxide,19.072,MTCO2e,,,EXELON WEST MEDWAY GENERATING STATION,9 SUMMER STREET,MEDWAY,MA,2053,NORFOLK,1,42.139996999999994,-71.446348,10900010601,4,7.789,983.65,http://echo.epa.gov/detailed-facility-report?fid=110001949508
110001949508,2018,E-GGRT,1000655,Carbon dioxide,7941.3,MTCO2e,,,EXELON WEST MEDWAY GENERATING STATION,9 SUMMER STREET,MEDWAY,MA,2053,NORFOLK,1,42.139996999999994,-71.446348,10900010601,4,7.789,983.65,http://echo.epa.gov/detailed-facility-report?fid=110001949508
110001949508,2011,E-GGRT,1000655,Nitrous oxide,14.602,MTCO2e,,,EXELON WEST MEDWAY GENERATING STATION,9 SUMMER STREET,MEDWAY,MA,2053,NORFOLK,1,42.139996999999994,-71.446348,10900010601,4,7.789,983.65,http://echo.epa.gov/detailed-facility-report?fid=110001949508
110001949508,2011,E-GGRT,1000655,Carbon dioxide,6164.4,MTCO2e,,,EXELON WEST MEDWAY GENERATING STATION,9 SUMMER STREET,MEDWAY,MA,2053,NORFOLK,1,42.139996999999994,-71.446348,10900010601,4,7.789,983.65,http://echo.epa.gov/detailed-facility-report?fid=110001949508
110001949508,2014,E-GGRT,1000655,Nitrous oxide,32.78,MTCO2e,,,EXELON WEST MEDWAY GENERATING STATION,9 SUMMER STREET,MEDWAY,MA,2053,NORFOLK,1,42.139996999999994,-71.446348,10900010601,4,7.789,983.65,http://echo.epa.gov/detailed-facility-report?fid=110001949508
110001949508,2013,E-GGRT,1000655,Carbon dioxide,5464.0,MTCO2e,,,EXELON WEST MEDWAY GENERATING STATION,9 SUMMER STREET,MEDWAY,MA,2053,NORFOLK,1,42.139996999999994,-71.446348,10900010601,4,7.789,983.65,http://echo.epa.gov/detailed-facility-report?fid=110001949508
110001949508,2017,E-GGRT,1000655,Nitrous oxide,17.582,MTCO2e,,,EXELON WEST MEDWAY GENERATING STATION,9 SUMMER STREET,MEDWAY,MA,2053,NORFOLK,1,42.139996999999994,-71.446348,10900010601,4,7.789,983.65,http://echo.epa.gov/detailed-facility-report?fid=110001949508
110001949508,2014,E-GGRT,1000655,Methane,14.0,MTCO2e,,,EXELON WEST MEDWAY GENERATING STATION,9 SUMMER STREET,MEDWAY,MA,2053,NORFOLK,1,42.139996999999994,-71.446348,10900010601,4,7.789,983.65,http://echo.epa.gov/detailed-facility-report?fid=110001949508
110001937922,2011,E-GGRT,1001294,Carbon dioxide,421326.8,MTCO2e,,,DIGHTON POWER PLANT,1450 SOMERSET AVENUE,DIGHTON,MA,2715,BRISTOL,1,41.831268,-71.12400500000001,10900040804,4,4.706,411.18,http://echo.epa.gov/detailed-facility-report?fid=110001937922
110001937922,2014,E-GGRT,1001294,Carbon dioxide,379169.3,MTCO2e,,,DIGHTON POWER PLANT,1450 SOMERSET AVENUE,DIGHTON,MA,2715,BRISTOL,1,41.831268,-71.12400500000001,10900040804,4,4.706,411.18,http://echo.epa.gov/detailed-facility-report?fid=110001937922
110001937922,2014,E-GGRT,1001294,Nitrous oxide,209.49400000000003,MTCO2e,,,DIGHTON POWER PLANT,1450 SOMERSET AVENUE,DIGHTON,MA,2715,BRISTOL,1,41.831268,-71.12400500000001,10900040804,4,4.706,411.18,http://echo.epa.gov/detailed-facility-report?fid=110001937922
110001937922,2016,E-GGRT,1001294,Carbon dioxide,254950.7,MTCO2e,,,DIGHTON POWER PLANT,1450 SOMERSET AVENUE,DIGHTON,MA,2715,BRISTOL,1,41.831268,-71.12400500000001,10900040804,4,4.706,411.18,http://echo.epa.gov/detailed-facility-report?fid=110001937922
110001937922,2012,E-GGRT,1001294,Nitrous oxide,152.576,MTCO2e,,,DIGHTON POWER PLANT,1450 SOMERSET AVENUE,DIGHTON,MA,2715,BRISTOL,1,41.831268,-71.12400500000001,10900040804,4,4.706,411.18,http://echo.epa.gov/detailed-facility-report?fid=110001937922
110001937922,2012,E-GGRT,1001294,Carbon dioxide,276081.4,MTCO2e,,,DIGHTON POWER PLANT,1450 SOMERSET AVENUE,DIGHTON,MA,2715,BRISTOL,1,41.831268,-71.12400500000001,10900040804,4,4.706,411.18,http://echo.epa.gov/detailed-facility-report?fid=110001937922
110001937922,2017,E-GGRT,1001294,Nitrous oxide,155.556,MTCO2e,,,DIGHTON POWER PLANT,1450 SOMERSET AVENUE,DIGHTON,MA,2715,BRISTOL,1,41.831268,-71.12400500000001,10900040804,4,4.706,411.18,http://echo.epa.gov/detailed-facility-report?fid=110001937922
110001937922,2018,E-GGRT,1001294,Carbon dioxide,158140.2,MTCO2e,,,DIGHTON POWER PLANT,1450 SOMERSET AVENUE,DIGHTON,MA,2715,BRISTOL,1,41.831268,-71.12400500000001,10900040804,4,4.706,411.18,http://echo.epa.gov/detailed-facility-report?fid=110001937922
110001937922,2013,E-GGRT,1001294,Methane,157.5,MTCO2e,,,DIGHTON POWER PLANT,1450 SOMERSET AVENUE,DIGHTON,MA,2715,BRISTOL,1,41.831268,-71.12400500000001,10900040804,4,4.706,411.18,http://echo.epa.gov/detailed-facility-report?fid=110001937922
110001937922,2017,E-GGRT,1001294,Carbon dioxide,281543.5,MTCO2e,,,DIGHTON POWER PLANT,1450 SOMERSET AVENUE,DIGHTON,MA,2715,BRISTOL,1,41.831268,-71.12400500000001,10900040804,4,4.706,411.18,http://echo.epa.gov/detailed-facility-report?fid=110001937922
110001937922,2016,E-GGRT,1001294,Methane,118.25,MTCO2e,,,DIGHTON POWER PLANT,1450 SOMERSET AVENUE,DIGHTON,MA,2715,BRISTOL,1,41.831268,-71.12400500000001,10900040804,4,4.706,411.18,http://echo.epa.gov/detailed-facility-report?fid=110001937922
110001937922,2015,E-GGRT,1001294,Carbon dioxide,364833.5,MTCO2e,,,DIGHTON POWER PLANT,1450 SOMERSET AVENUE,DIGHTON,MA,2715,BRISTOL,1,41.831268,-71.12400500000001,10900040804,4,4.706,411.18,http://echo.epa.gov/detailed-facility-report?fid=110001937922
110001937922,2010,E-GGRT,1001294,Carbon dioxide,230209.3,MTCO2e,,,DIGHTON POWER PLANT,1450 SOMERSET AVENUE,DIGHTON,MA,2715,BRISTOL,1,41.831268,-71.12400500000001,10900040804,4,4.706,411.18,http://echo.epa.gov/detailed-facility-report?fid=110001937922
110001937922,2018,E-GGRT,1001294,Methane,73.25,MTCO2e,,,DIGHTON POWER PLANT,1450 SOMERSET AVENUE,DIGHTON,MA,2715,BRISTOL,1,41.831268,-71.12400500000001,10900040804,4,4.706,411.18,http://echo.epa.gov/detailed-facility-report?fid=110001937922
110001937922,2012,E-GGRT,1001294,Methane,128.0,MTCO2e,,,DIGHTON POWER PLANT,1450 SOMERSET AVENUE,DIGHTON,MA,2715,BRISTOL,1,41.831268,-71.12400500000001,10900040804,4,4.706,411.18,http://echo.epa.gov/detailed-facility-report?fid=110001937922
110001937922,2010,E-GGRT,1001294,Nitrous oxide,127.24600000000001,MTCO2e,,,DIGHTON POWER PLANT,1450 SOMERSET AVENUE,DIGHTON,MA,2715,BRISTOL,1,41.831268,-71.12400500000001,10900040804,4,4.706,411.18,http://echo.epa.gov/detailed-facility-report?fid=110001937922
110001937922,2013,E-GGRT,1001294,Nitrous oxide,187.74,MTCO2e,,,DIGHTON POWER PLANT,1450 SOMERSET AVENUE,DIGHTON,MA,2715,BRISTOL,1,41.831268,-71.12400500000001,10900040804,4,4.706,411.18,http://echo.epa.gov/detailed-facility-report?fid=110001937922
110001937922,2015,E-GGRT,1001294,Nitrous oxide,201.74599999999998,MTCO2e,,,DIGHTON POWER PLANT,1450 SOMERSET AVENUE,DIGHTON,MA,2715,BRISTOL,1,41.831268,-71.12400500000001,10900040804,4,4.706,411.18,http://echo.epa.gov/detailed-facility-report?fid=110001937922
110001937922,2011,E-GGRT,1001294,Methane,195.25,MTCO2e,,,DIGHTON POWER PLANT,1450 SOMERSET AVENUE,DIGHTON,MA,2715,BRISTOL,1,41.831268,-71.12400500000001,10900040804,4,4.706,411.18,http://echo.epa.gov/detailed-facility-report?fid=110001937922
110001937922,2014,E-GGRT,1001294,Methane,175.75,MTCO2e,,,DIGHTON POWER PLANT,1450 SOMERSET AVENUE,DIGHTON,MA,2715,BRISTOL,1,41.831268,-71.12400500000001,10900040804,4,4.706,411.18,http://echo.epa.gov/detailed-facility-report?fid=110001937922
110001937922,2017,E-GGRT,1001294,Methane,130.5,MTCO2e,,,DIGHTON POWER PLANT,1450 SOMERSET AVENUE,DIGHTON,MA,2715,BRISTOL,1,41.831268,-71.12400500000001,10900040804,4,4.706,411.18,http://echo.epa.gov/detailed-facility-report?fid=110001937922
110001937922,2013,E-GGRT,1001294,Carbon dioxide,339567.8,MTCO2e,,,DIGHTON POWER PLANT,1450 SOMERSET AVENUE,DIGHTON,MA,2715,BRISTOL,1,41.831268,-71.12400500000001,10900040804,4,4.706,411.18,http://echo.epa.gov/detailed-facility-report?fid=110001937922
110001937922,2011,E-GGRT,1001294,Nitrous oxide,232.738,MTCO2e,,,DIGHTON POWER PLANT,1450 SOMERSET AVENUE,DIGHTON,MA,2715,BRISTOL,1,41.831268,-71.12400500000001,10900040804,4,4.706,411.18,http://echo.epa.gov/detailed-facility-report?fid=110001937922
110001937922,2015,E-GGRT,1001294,Methane,169.25,MTCO2e,,,DIGHTON POWER PLANT,1450 SOMERSET AVENUE,DIGHTON,MA,2715,BRISTOL,1,41.831268,-71.12400500000001,10900040804,4,4.706,411.18,http://echo.epa.gov/detailed-facility-report?fid=110001937922
110001937922,2016,E-GGRT,1001294,Nitrous oxide,140.954,MTCO2e,,,DIGHTON POWER PLANT,1450 SOMERSET AVENUE,DIGHTON,MA,2715,BRISTOL,1,41.831268,-71.12400500000001,10900040804,4,4.706,411.18,http://echo.epa.gov/detailed-facility-report?fid=110001937922
110001937922,2010,E-GGRT,1001294,Methane,106.75,MTCO2e,,,DIGHTON POWER PLANT,1450 SOMERSET AVENUE,DIGHTON,MA,2715,BRISTOL,1,41.831268,-71.12400500000001,10900040804,4,4.706,411.18,http://echo.epa.gov/detailed-facility-report?fid=110001937922
110001937922,2018,E-GGRT,1001294,Nitrous oxide,87.314,MTCO2e,,,DIGHTON POWER PLANT,1450 SOMERSET AVENUE,DIGHTON,MA,2715,BRISTOL,1,41.831268,-71.12400500000001,10900040804,4,4.706,411.18,http://echo.epa.gov/detailed-facility-report?fid=110001937922
